ref	off	level	text
創1:1	0	1	壹　神的創造　一1～二25
創1:1	0	2	一　神的心願和目的　一1～二3
創1:1	0	3	1　神原初的創造　一1
創1:2	0	3	2　審判與敗壞　一2上
創1:2	14	3	3　神的恢復和進一步的創造　一2下～二3
創1:2	14	4	a　第一日，靈來了，話來了，光來了　一2下～5
創1:6	0	4	b　第二日，天空以下的水與天空以上的水分開　一6～8
創1:9	0	4	c　第三日，陸地與海分開，生出植物生命　一9～13
創1:14	0	4	d　第四日，出現光體　一14～19
創1:20	0	4	e　第五日，生出水中和空中的活物　一20～23
創1:24	0	4	f　第六日，生出地上的活物　一24～31
創1:24	0	5	（一）　地上的走獸　24～25
創1:26	0	5	（二）　人　26～28
創1:26	0	6	（1）　神格的會議　26
創1:27	0	6	（2）　神造男造女　27
創1:28	0	6	（3）　神賜福給人，使人繁衍　28
創1:29	0	5	（三）　人和其他一切活物都因神的供應得著滿足　29～30
創1:31	0	5	（四）　神看一切都甚好　31
創2:1	0	4	g　第七日，神滿足而安息了　二1～3
創2:4	0	2	二　神達成祂目的的手續　二4～25
創2:4	0	3	1　背景─天未降雨，地無人耕種，田間無生命長出，只有霧氣從地上騰　4～6
創2:7	0	3	2　第一步─創造人作器皿，好盛裝神作生命　7
創2:8	0	3	3　第二步─使人接受神作生命　8～17
創2:8	0	4	a　將人放在生命樹跟前　8～9
創2:10	0	4	b　將人安置在有河流的園中　10～15
創2:16	0	4	c　讓人自由選擇　16～17
創2:18	0	3	4　第三步─將神作到人裏面作生命，使人成為祂的補滿　18～25
創2:18	0	4	a　人豫表神，需要補滿　18～20
創2:21	0	4	b　人在生命裏，並藉著生命得了補滿　21 ～25
創3:1	0	1	貳　人因著撒但的敗壞而墮落　三1～十一32
創3:1	0	2	一　第一次的墮落─從神的同在墮落到人的良心　三１～24
創3:1	0	3	1　蛇（撒但）的試誘與人第一次的墮落　1～7
創3:8	0	3	2　神對付人第一次的墮落　8～24
創3:8	0	4	a　尋找人　8～13
創3:14	0	4	b　審判蛇　14
創3:15	0	4	c　關於女人後裔的應許　15
創3:16	0	4	d　藉苦難管教人　16～19
創3:20	0	4	e　豫期的救贖　20～21
創3:22	0	4	f　封閉生命樹的道路　22～24
創4:1	0	2	二　第二次的墮落─從人的良心墮落到人的管治　四１～26
創4:1	0	3	1　背景　1～2
創4:3	0	3	2　人的自作主張、忿怒、兇殺、謊言和傲慢　3～9
創4:10	0	3	3　神對付人第二次的墮落─咒詛人，使人流離飄蕩　10～15
創4:16	0	3	4　人產生了無神文化　16～24
創4:25	0	3	5　人逃避第二次墮落之路─認識自己的脆弱，並呼求耶和華的名 　25～26
創5:1	0	2	三　得救之人的譜系，啟示出人墮落的最終結局與逃避之路　五1～32
創5:1	0	3	1　人墮落最終的結局─死　1～21，25～27
創5:22	0	3	2　避死之路─與神同行　22～24
創5:25	0	3	1　人墮落最終的結局─死（續）　25～27
創5:28	0	3	3　蒙拯救之家得著安慰與安息　28～32
創6:1	0	2	四　第三次的墮落─從人的管治墮落到人的政權　六1～八3
創6:1	0	3	1　邪靈與人調和，人成了肉體　六1～4
創6:5	0	3	2　神對付人第三次的墮落─將人從地上除滅　六5～7
創6:8	0	3	3　從第三次墮落蒙拯救之路　六8～八3
創6:8	0	4	a　與神同行　六8～10
創6:11	0	4	b　建造方舟　六11～七16
創6:11	0	5	（一）　接受啟示　六11～21
創6:22	0	5	（二）　豫備方舟　六22
創7:1	0	5	（三）　進入方舟，被耶和華關在裏頭　七1～16
創7:17	0	4	c　藉水得救　七17～八3
創8:4	0	2	五　在復活裏的生活　八4～十32
創8:4	0	3	1　方舟停在山上，表徵與基督一同復活　八4～5
創8:6	0	3	2　烏鴉被放出，表徵屬肉體的人回到被神審判的世界　八6～7
創8:8	0	3	3　鴿子被放出，表徵屬靈的人留在召會中，顧到那靈裏的生命　八8～12
創8:13	0	3	4　在復活裏從方舟出來　八13～19
創8:20	0	3	5　在祭壇上向耶和華獻燔祭，表徵藉著十字架將基督獻給神　八20～22
創9:1	0	3	6　完成神的定旨，彰顯神並代表神　九1～7
創9:8	0	3	7　活在神的約之下　九8～17
創9:8	0	4	a　不再有藉著死水的審判　8～11
創9:12	0	4	b　有虹作神信實守約的記號　12～17
創9:18	0	3	8　首領和代表權柄的失敗　九18～29
創9:18	0	4	a　因他工作的成功　18～21
創9:22	0	4	b　含揭露失敗，閃和雅弗遮蓋失敗　22～24
創9:25	0	4	c　含的兒子受咒詛，閃和雅弗得祝福　25～29
創10:1	0	3	9　邦國的產生，以巴別為總結　十1～32
創11:1	0	2	六　第四次的墮落─從人的政權墮落到撒但煽動下的背叛　十一1～9
創11:1	0	3	1　建造一座城和一座塔，以背叛神、棄絕神、並宣揚自己的名　1～4
創11:5	0	3	2　神對付人第四次的墮落─使人分散居住，並變亂他們的語言　5～9
創11:10	0	2	七　人從藉水得救到蒙耶和華呼召的譜系　十一10～32
創12:1	0	1	參　耶和華的呼召　十二1～五十26
創12:1	0	2	一　第一方面─亞伯拉罕的經歷　十二1～二五18
創12:1	0	3	1　神的呼召　十二1～7上
創12:7	24	3	2　憑信而活　十二7下～十四24
創12:7	24	4	a　祭壇與帳棚的生活　十二7下～8
創12:9	0	4	b　蒙召者的試煉　十二9～十三18
創12:9	0	5	（一）　饑荒　十二9～十三4
創13:5	0	5	（二）　弟兄之爭　十三5～18
創14:1	0	4	c　蒙召者的得勝　十四1～24
創14:1	0	5	（一）　弟兄被擄　1～12
創14:13	0	5	（二）　為弟兄爭戰　13～17
創14:18	0	5	（三）　受麥基洗德的供應　18～20
創14:21	0	5	（四）　勝過地上財物的試誘　21～24
創15:1	0	3	3　認識恩典，為著完成神的定旨　十五1～十七27
創15:1	0	4	a　神與亞伯拉罕所立的約　十五1～21
創15:1	0	5	（一）　關於後裔　1～6
創15:7	0	5	（二）　關於地　7～21
創16:1	0	4	b　兩個婦人的寓意　十六1～16
創17:1	0	4	c　用割禮所堅立神的約　十七1～14
創17:15	0	4	d　以撒出生的應許　十七15～27
創18:1	0	3	4　活在與神的交通中　十八1～二四67
創18:1	0	4	a　與在人水平上的神來往　十八1～22
創18:23	0	4	b　一次榮耀的代求　十八23～33
創19:1	0	4	c　羅得消極的記載　十九1～38
創19:1	0	5	（一）　一個失敗的義人和一根鹽柱　1～29
創19:30	0	5	（二）　憑亂倫所生的後裔　30～38
創20:1	0	4	d　隱藏的軟弱和羞慚的代禱　二十1～18
創21:1	0	4	e　以撒的出生和長大　二一1～8
創21:9	0	4	f　夏甲和以實瑪利被趕逐　二一9～14
創21:15	0	4	g　兩個井─兩種生活的源頭　二一15～34
創22:1	0	4	h　以撒的獻上　二二1～24
創23:1	0	4	i　撒拉的死與埋葬　二三1～20
創24:1	0	4	j　以撒的婚娶　二四1～67
創25:1	0	3	5　生命沒有成熟　二五1～18
創25:19	0	2	二　第二方面─以撒的經歷　二五19～21，27～28，二六1～二七4，27下～41，二八6～9
創25:19	0	3	1　得著孿生子　二五19～21
創25:22	0	2	三　第三方面─雅各（連同約瑟）的經歷　二五22～26，29～34，二七5～27上，二七42～二八5，二八10～五十26
創25:22	0	3	1　受對付　二五22～26，29～34，二七5～27上，二七42～二八5，二八10～三二21
創25:22	0	4	a　被揀選生為次子　二五22～26
創25:27	0	2	（二　以撒的經歷─續）
創25:27	0	3	2　活在天然生命裏，像雅各一樣　二五27～28，二八6～9
創25:29	0	2	（三　雅各的經歷　1　受對付─續）
創25:29	0	4	b　被迫離開慈母與父家　二五29～34，二七5～27上，二七42～二八5
創25:29	0	5	（一）　抓奪長子的名分　二五29～34
創26:1	0	2	（二　以撒的經歷─續）
創26:1	0	3	3　承受他父親所得的應許　二六1～5
創26:6	0	3	4　有天然的弱點，像亞伯拉罕一樣　二六6～11
創26:12	0	3	5　有百倍的收成，成了巨富　二六12～14
創26:15	0	3	6　多處尋得水井　二六15～22
創26:23	0	3	7　神在別是巴，就是神為著完成祂的定旨獨一顯現的地方，向他堅定應許　二六23～35
創27:1	0	3	8　生命不很成熟　二七1～4，27下～41
創27:5	0	2	（三　雅各的經歷　1　受對付　b　被迫離開慈母與父家─續）
創27:5	0	5	（二）　抓奪父親的祝福　二七5～27上
創27:27	10	2	（二　以撒的經歷─續）
創27:27	10	3	8　生命不很成熟（續）　二七27下～41
創27:42	0	2	（三　雅各的經歷　1　受對付　b　被迫離開慈母與父家─續）
創27:42	0	5	（三）　受母親指示離開　二七42～46
創28:1	0	5	（四）　蒙父親祝福，並打發離開　二八1～5
創28:6	0	2	（二　以撒的經歷─續）
創28:6	0	3	2　活在天然生命裏，像雅各一樣（續）　二八6～9
創28:10	0	2	（三　雅各的經歷　1　受對付─續）
創28:10	0	4	c　在伯特利的夢　二八10～22
創29:1	0	4	d　在神主宰的帶領下，遇見拉結與拉班　二九1～14
創29:15	0	4	e　受拉班欺騙，娶了拉班的兩個女兒　二九15～30
創29:31	0	4	f　雅各的妻子在生子的事上爭競、嫉妒並角力　二九31～三十24
創30:25	0	4	g　被拉班壓榨，欺弄拉班，卻蒙神賜福　三十25～三一16
創31:17	0	4	h　逃離拉班，並被拉班追趕　三一17～55
創32:1	0	4	i　懼怕以掃　三二1～21
創32:22	0	3	2　被破碎　三二22～三四31
創32:22	0	4	a　與神摔跤　三二22～32
創33:1	0	4	b　受以掃迎接　三三1～16
創33:17	0	4	c　返回迦南，但僅至示劍　三三17～20
創34:1	0	4	d　仍需環境中的對付　三四1～31
創35:1	0	3	3　被變化　三五1～29
創35:1	0	4	a　在伯特利蒙神題醒　1～15
創35:16	0	4	b　更深刻、更切身的對付　16～26
創35:16	0	5	（一）　拉結之死　16～20
創35:21	0	5	（二）　雅各的妾受玷污，長子名分因而轉移　21～26
創35:27	0	4	c　進入完滿的交通　27
創35:28	0	4	d　得釋放脫離父親的束縛　28～29
創36:1	0	4	（以掃的後代　三六1～43）
創37:1	0	3	4　漸漸成熟　三七1～2上，32～36，四二1～5，四二29～四三14，四五25～四七10，四七28～五十13
創37:1	0	4	a　成熟的過程─最後階段的對付　三七1～2上，32～36，四二1～5，四二29～四三14
創37:1	0	5	（一）　在神主宰的手下，雅各心頭的寶貝（約瑟）被奪去　三七1～2上，32～36
創37:2	8	3	5　成熟的以色列掌權的一面，見於約瑟　三七2下～31，三八1～四一57，四二6～28，四三15～四五24，四七11～27，五十14～26
創37:2	8	4	a　為牧人，且蒙父所愛　三七2下～4
創37:5	0	4	b　看他的民為生命的禾捆，為發光的太陽、月亮與眾星　三七5～11
創37:12	0	4	c　照他父親的意願，供應他的弟兄們　三七12～17
創37:18	0	4	d　生活如生命的禾捆　三七18～31
創37:32	0	3	（4　漸漸成熟　a　成熟的過程─最後階段的對付─續）
創37:32	0	5	（一）　在神主宰的手下，雅各心頭的寶貝（約瑟）被奪去（續）　三七32～36
創38:1	0	3	（5　成熟的以色列掌權的一面，見於約瑟─續）
創38:1	0	4	e　生活如發光的星　三八1～三九12
創38:1	0	5	（一）　他的哥哥猶大放縱情慾　三八1～30
創39:1	0	5	（二）　勝過情慾，在黑暗中照耀　三九1～12
創39:13	0	4	f　被交付在死牢中　三九13～四一13
創41:14	0	4	g　從死牢裏復起　四一14～39
創41:40	0	4	h　登寶座得權柄，並得著榮耀，領受恩賜　四一40～44
創41:45	0	4	i　成為世人的搭救者，生命的供應者（祕密的揭示者）　四一45～46
創41:47	0	4	j　供應人糧食　四一47～57
創42:1	0	3	（4　漸漸成熟　a　成熟的過程─最後階段的對付─續）
創42:1	0	5	（二）　為饑荒所迫，打發眾子去埃及買糧　四二1～5
創42:6	0	3	（5　成熟的以色列掌權的一面，見於約瑟─續）
創42:6	0	4	k　為以色列的兒子們所認　四二6～28，四三15～四五24
創42:6	0	5	（一）　以智慧對待他的兄長，向他們顯示愛　四二6～28
創42:29	0	3	（4　漸漸成熟　a　成熟的過程─最後階段的對付─續）
創42:29	0	5	（三）　次子西緬被拘於埃及　四二29～38
創43:1	0	5	（四）　饑荒加重，被迫打發幼子便雅憫去埃及　四三1～14
創43:15	0	3	（5　成熟的以色列掌權的一面，見於約瑟　k　為以色列的兒子們所認─續）
創43:15	0	5	（二）　進一步試驗他的兄長　四三15～四四34
創45:1	0	5	（三）　向悔改的弟兄們揭示他的高舉與榮耀　四五1～15
創45:16	0	5	（四）　他的弟兄們有分於他掌權的享受　四五16～24
創45:25	0	3	（4　漸漸成熟─續）
創45:25	0	4	b　成熟的表顯　四五25～四七10，四七28～五十13
創45:25	0	5	（一）　聽見約瑟還活著，一無責備之言　四五25～28
創46:1	0	5	（二）　在別是巴獻祭給神　四六1～4
創46:5	0	5	（三）　再見到約瑟　四六5～34
創47:1	0	5	（四）　隨時祝福人　四七1～10，四七28～四九28
創47:1	0	6	（1）　祝福法老　四七1～10
創47:11	0	3	（5　成熟的以色列掌權的一面，見於約瑟─續）
創47:11	0	4	l　掌權　四七11～27，五十14～26
創47:28	0	3	（4　漸漸成熟　b　成熟的表顯　（四）　隨時祝福人─續）
創47:28	0	6	（2）　祝福約瑟二子　四七28～四八22
創49:1	0	6	（3）　祝福自己的眾子　四九1～28
創49:29	0	5	（五）　超特的離世　四九29～五十13
創50:14	0	3	（5　成熟的以色列掌權的一面，見於約瑟─續）
創50:14	0	4	l　掌權（續）　五十14～26
出1:1	0	1	壹　被奴役　一1～22
出2:1	0	1	貳　蒙救贖並得拯救　二1～十五21
出2:1	0	2	一　豫備拯救者　二1～25
出3:1	0	2	二　神對所豫備之人的呼召　三1～22
出4:1	0	2	三　蒙神呼召並差遣的三個主觀神蹟　四1～9
出4:10	0	2	四　蒙召者的男幫手與女幫手　四10～31
出5:1	0	2	五　神的要求與法老的抗拒　五1～十三22
出5:1	0	3	1　第一次衝突：耶和華與法老之間，為釋放以色列人而有的衝突　五1～23
出6:1	0	3	2　神對摩西進一步的訓練　六1～七7
出7:8	0	3	3　第二次衝突：暴露埃及生活的真實性質　七8～14
出7:15	0	3	4　第三次衝突：第一樣災害─血　七15～25
出8:1	0	3	5　第四次衝突：第二樣災害─青蛙　八1～15
出8:16	0	3	6　第五次衝突：第三樣災害─虱子　八16～19
出8:20	0	3	7　第六次衝突：第四樣災害─蒼蠅　八20～32
出9:1	0	3	8　第七次衝突：第五樣災害─瘟疫　九1～7
出9:8	0	3	9　第八次衝突：第六樣災害─起泡的瘡　九8～12
出9:13	0	3	10　第九次衝突：第七樣災害─冰雹　九13～35
出10:1	0	3	11　第十次衝突：第八樣災害─蝗蟲　十1～20
出10:21	0	3	12　第十一次衝突：第九樣災害─黑暗　十21～29
出11:1	0	3	13　第十二次衝突：第十樣災害─殺長子　十一1～十三22
出11:1	0	4	a　耶和華的主宰　十一1～10
出12:1	0	4	b　逾越節　十二1～36，43～51
出12:37	0	4	c　以色列人出埃及　十二37～42，十三1～22
出12:43	0	4	b　逾越節（續）　十二43～51
出13:1	0	4	c　以色列人出埃及（續）　十三1～22
出14:1	0	2	六　法老最後的掙扎與以色列人過紅海　十四1～31
出15:1	0	2	七　得救之人的讚美　十五1～21
出15:1	0	3	1　摩西的歌　1～19
出15:20	0	3	2　米利暗的歌　20～21
出15:22	0	1	參　蒙引領　十五22～十八27
出15:22	0	2	一　以色列人在瑪拉和以琳的經歷　十五22～27
出16:1	0	2	二　對嗎哪─屬天糧食─的經歷　十六1～36
出17:1	0	2	三　從被擊打的磐石流出的活水　十七1～7
出17:8	0	2	四　擊敗亞瑪力人　十七8～16
出18:1	0	2	五　國度的描繪　十八1～27
出19:1	0	1	肆　領受啟示　十九1～三四35
出19:1	0	2	一　被帶進神的同在和對神的認識中　十九1～25
出20:1	0	2	二　律法是神的見證，將神啟示給祂的百姓　二十1～17
出20:18	0	2	三　律法消極的一面　二十18～21
出20:22	0	2	四　律法上關乎敬拜神的律例　二十22～26
出21:1	0	2	五　律法上關乎人際關係的第一條典章　二一1～6
出21:7	0	2	六　律法的各項典章　二一7～二三19
出23:20	0	2	七　耶和華的使者引領祂的百姓得著應許之地　二三20～33
出24:1	0	2	八　約的制定　二四1～8
出24:9	0	2	九　神的異象　二四9～11
出24:12	0	2	十　摩西在神的榮耀之下與神同住　二四  12～18
出25:1	0	2	十一　帳幕及其中器物的異象　二五1～三十38
出25:1	0	3	1　材料和樣式　二五1～9
出25:10	0	3	2　見證的櫃連同遮罪蓋　二五10～22
出25:23	0	3	3　陳設餅的桌子　二五23～30
出25:31	0	3	4　金燈臺　二五31～40
出26:1	0	3	5　帳幕的蓋　二六1～14
出26:15	0	3	6　帳幕的豎板　二六15～30
出26:31	0	3	7　帳幕內的幔子　二六31～35
出26:36	0	3	8　帳幕的門簾　二六36～37
出27:1	0	3	9　燔祭壇　二七1～8
出27:9	0	3	10　帳幕的院子　二七9～19
出27:20	0	3	11　點燈　二七20～21
出28:1	0	3	12　祭司的衣服　二八1～43
出29:1	0	3	13　亞倫和他兒子們分別為聖作祭司　二九1～46
出30:1	0	3	14　金香壇　三十1～10
出30:11	0	3	15　遮罪的銀價　三十11～16
出30:17	0	3	16　銅洗濯盆　三十17～21
出30:22	0	3	17　聖膏油　三十22～33
出30:34	0	3	18　香　三十34～38
出31:1	0	2	十二　製作帳幕、器物、和祭司衣服的人　三一1～11
出31:12	0	2	十三　安息日與帳幕建造工作的關係　三一12～17
出31:18	0	2	十四　干犯律法　三一18～三二6
出32:7	0	2	十五　對付偶像和拜偶像的人　三二7～29
出32:30	0	2	十六　神的同伴　三二30～三三23
出34:1	0	2	十七　摩西與神同在　三四1～35
出35:1	0	1	伍　建造帳幕　三五1～四十38
出35:1	0	2	一　製作帳幕及其器物和祭司的衣服　三五1～三九31
出35:1	0	3	1　論到安息日的話　三五1～3
出35:4	0	3	2　奉獻材料並豫備工人　三五4～三六7
出36:8	0	3	3　帳幕的幕幔、蓋和頂蓋　三六8～19
出36:20	0	3	4　帳幕的豎板　三六20～34
出36:35	0	3	5　帳幕內的幔子　三六35～36
出36:37	0	3	6　帳幕的門簾　三六37～38
出37:1	0	3	7　見證的櫃　三七1～9
出37:10	0	3	8　陳設餅的桌子　三七10～16
出37:17	0	3	9　金燈臺　三七17～24
出37:25	0	3	10　金香壇　三七25～28
出37:29	0	3	11　聖膏油和純淨的香　三七29
出38:1	0	3	12　燔祭壇　三八1～7
出38:8	0	3	13　銅洗濯盆　三八8
出38:9	0	3	14　帳幕的院子　三八9～20
出38:21	0	3	15　數點奉獻的材料　三八21～31
出39:1	0	3	16　為祭司製作衣服　三九1～31
出39:32	0	2	二　所作帳幕的工送到摩西那裏，由他查看並祝福　三九32～43
出40:1	0	2	三　帳幕的建立　四十1～38
出40:1	0	3	1　耶和華吩咐摩西立起帳幕　1～16
出40:17	0	3	2　立起帳幕　17～33
出40:34	0	3	3　耶和華的榮光充滿帳幕　34～35
出40:36	0	3	4　與神的居所一同行動　36～38
利1:1	0	1	壹　獻祭的條例　一1～七38
利1:1	0	2	一　燔祭　一1～17
利2:1	0	2	二　素祭　二1～16
利3:1	0	2	三　平安祭　三1～17
利4:1	0	2	四　贖罪祭　四1～35
利5:1	0	2	五　贖愆祭　五1～六7
利6:8	0	2	六　燔祭的條例　六8～13
利6:14	0	2	七　素祭的條例　六14～23
利6:24	0	2	八　贖罪祭的條例　六24～30
利7:1	0	2	九　贖愆祭的條例　七1～10
利7:11	0	2	十　平安祭的條例　七11～38
利8:1	0	1	貳　事奉的條例　八1～十20
利8:1	0	2	一　亞倫和他兒子們承接聖職　八1～36
利9:1	0	2	二　亞倫和他兒子們祭司事奉的引進　九1～21
利9:22	0	2	三　祭司事奉的結果　九22～24
利10:1	0	2	四　祭司的功課和規條　十1～20
利10:1	0	3	1　從拿答和亞比戶所學的功課　1～11
利10:12	0	3	2　祭司的規條　12～20
利11:1	0	1	參　生活的條例　十一1～二二33
利11:1	0	2	一　飲食上的分別與禁戒死亡　十一1～47
利12:1	0	2	二　人類生產的不潔　十二1～8
利13:1	0	2	三　從人裏面發出的不潔（痲瘋）　十三1～59
利14:1	0	2	四　患痲瘋者得潔淨　十四1～32
利14:33	0	2	五　房屋裏的痲瘋　十四33～57
利15:1	0	2	六　身上的漏症得潔淨　十五1～33
利16:1	0	2	七　遮罪　十六1～34
利17:1	0	2	八　顧到祭牲和血　十七1～16
利18:1	0	2	九　聖別子民的聖別生活　十八1～二十27
利21:1	0	2	十　為著祭司職任的聖別生活　二一1～15
利21:16	0	2	十一　不彀格盡祭司職任者　二一16～24
利22:1	0	2	十二　享受聖物時該有的聖別　二二1～16
利22:17	0	2	十三　為許願並甘心獻之供物蒙悅納的路　二二17～33
利23:1	0	1	肆　節期的條例　二三1～44
利23:1	0	2	一　每週的節期─安息日　1～3
利23:4	0	2	二　每年的節期　4～44
利23:4	0	3	1　逾越節　4～5
利23:6	0	3	2　無酵節　6～8
利23:9	0	3	3　初熟節　9～14
利23:15	0	3	4　五旬節　15～22
利23:23	0	3	5　吹角節　23～25
利23:26	0	3	6　遮罪節　26～32
利23:33	0	3	7　住棚節　33～44
利24:1	0	1	伍　其他條例與警告　二四1～二七34
利24:1	0	2	一　燈臺與陳設餅的安排　二四1～9
利24:10	0	2	二　褻瀆聖名者受到死的審判　二四10～23
利25:1	0	2	三　享安息之年　二五1～55
利25:1	0	3	1　安息年　1～7
利25:8	0	3	2　禧年（五旬年）　8～17
利25:18	0	3	3　關於享安息之年的規條　18～55
利26:1	0	2	四　警告的話　二六1～46
利26:1	0	3	1　不可製作偶像，要守神的安息日，要敬畏神的聖所　1～2
利26:3	0	3	2　順從者所蒙的福　3～13
利26:14	0	3	3　不順從者所受的懲治　14～39
利26:40	0	3	4　百姓被擄時的悔改與神的記念　40～46
利27:1	0	2	五　許願奉獻　二七1～34
利27:1	0	3	1　把人奉獻給神　1～8
利27:9	0	3	2　把牲畜奉獻給神　9～13
利27:14	0	3	3　奉獻房屋　14～15
利27:16	0	3	4　奉獻田地　16～25
利27:26	0	3	5　奉獻的條例　26～34
民1:1	0	1	壹　成軍　一1～九14
民1:1	0	2	一　數點　一1～54
民1:1	0	3	1　按他們的家族、首領，照他們的年齡　1～46
民1:47	0	3	2　利未人未被數點在軍隊中　47～54
民2:1	0	2	二　部署安營　二1～34
民3:1	0	2	三　聖別的事奉　三1～四49
民5:1	0	2	四　對付玷污　五1～31
民5:1	0	3	1　團體的對付　1～4
民5:5	0	3	2　個人的對付　5～10
民5:11	0	3	3　對付丈夫所疑忌的妻子　11～31
民6:1	0	2	五　成為聖別─作拿細耳人　六1～21
民6:22	0	2	六　蒙神賜福　六22～27
民7:1	0	2	七　十二支派為著敬拜神所獻的供物　七  1～89
民8:1	0	2	八　點燈　八1～4
民8:5	0	2	九　獻上利未人（服事祭司體系的人）　八5～26
民8:5	0	3	1　先潔淨他們　5～8
民8:9	0	3	2　將他們獻給神　9～22
民8:23	0	3	3　利未人事奉的年齡　23～26
民9:1	0	2	十　守逾越節　九1～14
民9:15	0	1	貳　行程　九15～二十29，二一4～20，三三1～49
民9:15	0	2	一　引導　九15～十10
民9:15	0	3	1　藉雲彩　九15～23
民10:1	0	3	2　藉兩枝號　十1～10
民10:11	0	2	二　起行　十11～36
民10:11	0	3	1　雲彩的引導　11～13
民10:14	0	3	2　起行的次序　14～28
民10:29	0	3	3　信靠人　29～32
民10:33	0	3	4　約櫃的引領　33～36
民11:1	0	2	三　失敗　十一1～十四45
民11:1	0	3	1　發怨言　十一1～3
民11:4	0	3	2　起貪慾　十一4～35
民12:1	0	3	3　毀謗　十二1～16
民13:1	0	3	4　不信神　十三1～十四38
民13:1	0	4	a　神吩咐摩西打發十二個人窺探迦南地　十三1～20
民13:21	0	4	b　十二個人上去窺探那地　十三21～24
民13:25	0	4	c　十二個人回來　十三25～十四10
民14:11	0	4	d　神憎惡以色列百姓　十四11～38
民14:39	0	3	5　違背神的話　十四39～45
民15:1	0	2	四　典章　十五1～41
民15:1	0	3	1　關於供物　1～31
民15:32	0	3	2　關於干犯安息日　32～36
民15:37	0	3	3　關於百姓的穿著　37～41
民16:1	0	2	五　背叛─更嚴重的失敗　十六1～十七13
民16:1	0	3	1　背叛的因由與摩西的反應　十六1～18
民16:19	0	3	2　神的審判　十六19～50
民17:1	0	3	3　神的表白　十七1～13
民18:1	0	2	六　利未人的事奉與亞倫的祭司職任，以及他們的賞賜　十八1～32
民18:1	0	3	1　利未人的事奉與亞倫的祭司職任　1～7
民18:8	0	3	2　賞賜　8～32
民18:8	0	4	a　給作祭司的亞倫和他的子孫　8～20
民18:21	0	4	b　給在會幕中服事的利未人　21～32
民19:1	0	2	七　除污穢的水　十九1～22
民20:1	0	2	八　進一步的失敗　二十1～13，23～29，二一4～9
民20:1	0	3	1　米利暗失敗的結果　二十1
民20:2	0	3	2　為水爭鬧　二十2～13
民20:14	0	2	九　繼續前行　二十14～22，二一10～20
民20:14	0	3	1　從加低斯到何珥山　二十14～22
民20:23	0	2	（八　進一步的失敗─續）
民20:23	0	3	3　亞倫失敗的結果　二十23～29
民21:1	0	1	參　爭戰　二一1～3，二一21～三二42，三三50～三六13
民21:1	0	2	一　戰勝亞拉得王　二一1～3
民21:4	0	1	（貳　行程　八　進一步的失敗─續）
民21:4	0	3	4　毀謗神和摩西　二一4～9
民21:10	0	2	（九　繼續前行─續）
民21:10	0	3	2　到了毘斯迦山頂　二一10～20
民21:21	0	1	（參　爭戰─續）
民21:21	0	2	二　戰勝亞摩利人的王西宏　二一21～32
民21:33	0	2	三　戰勝巴珊王噩　二一33～35
民22:1	0	2	四　巴勒和巴蘭的擾害　二二1～二五18
民22:1	0	3	1　巴勒的惡意　二二1～40
民22:41	0	3	2　巴蘭用詩歌說豫言　二二41～二四25
民22:41	0	4	a　第一歌　二二41～二三12
民23:13	0	4	b　第二歌　二三13～26
民23:27	0	4	c　第三歌　二三27～二四13
民24:14	0	4	d　第四歌　二四14～25
民25:1	0	3	3　以色列墮入淫亂與拜偶像　二五1～18
民26:1	0	2	五　重新數點百姓　二六1～65
民27:1	0	2	六　判斷女子承受土地的律例　二七1～11
民27:1	0	3	1　西羅非哈女兒的請求　1～4
民27:5	0	3	2　神判斷的律例　5～11
民27:12	0	2	七　摩西的死以及他的繼承人　二七12～23
民27:12	0	3	1　摩西的死（摩西失敗的結果）　12～14
民27:15	0	3	2　摩西的繼承人　15～23
民28:1	0	2	八　律例　二八1～三十16
民28:1	0	3	1　關於供物　二八1～二九40
民28:1	0	4	a　給神作怡爽香氣的火祭　二八1～2
民28:3	0	4	b　每日常獻的燔祭　二八3～8
民28:9	0	4	c　每安息日的燔祭　二八9～10
民28:11	0	4	d　每月朔的燔祭　二八11～15
民28:16	0	4	e　逾越節之後的燔祭　二八16～25
民28:26	0	4	f　七七節的燔祭　二八26～31
民29:1	0	4	g　吹角日的燔祭　二九1～6
民29:7	0	4	h　遮罪日的燔祭　二九7～11
民29:12	0	4	i　住棚節的燔祭　二九12～38
民29:39	0	4	j　每日、每安息日、每月朔、並每年節期所獻的一切祭　二九39～40
民30:1	0	3	2　關於許願　三十1～16
民31:1	0	2	九　戰勝米甸人　三一1～54
民31:1	0	3	1　耶和華吩咐要在米甸人身上報以色列人的仇　1～2
民31:3	0	3	2　摩西的戰略　3～6
民31:7	0	3	3　以色列人勝過米甸人　7～12
民31:13	0	3	4　煉淨並潔淨所擄的和所掠的　13～24
民31:25	0	3	5　分配所奪來的人畜　25～47
民31:48	0	3	6　軍長向耶和華獻禮物　48～54
民32:1	0	2	十　豫先安排美地的分配　三二1～42，三三50～三六13
民32:1	0	3	1　關於約但河東之地　三二1～42
民32:1	0	4	a　流便和迦得二支派的請求　1～5
民32:6	0	4	b　摩西的責備和警戒　6～15
民32:16	0	4	c　二支派的許諾　16～19
民32:20	0	4	d　摩西的允許　20～42
民33:1	0	1	（貳　行程─續）
民33:1	0	2	十　行程的站口　三三1～49
民33:50	0	1	（參　爭戰　十　豫先安排美地的分配─續）
民33:50	0	3	2　承受美地的律例　三三50～56
民34:1	0	3	3　美地的境界和分配美地的人　三四1～29
民34:1	0	4	a　美地的境界　1～15
民34:16	0	4	b　分配美地的人　16～29
民35:1	0	3	4　給利未人的城和庇護城　三五1～34
民35:1	0	4	a　給利未人的城　1～8
民35:9	0	4	b　庇護城　9～34
民36:1	0	3	5　關於以色列中女子承受美地進一步的律例　三六1～13
申1:1	0	1	壹　往事的追述　一1～四43
申1:1	0	2	一　從神的山到聖地入口的行程　一1～4
申1:5	0	2	二　神囑咐以色列人進入美地　一5～8
申1:9	0	2	三　選派職任　一9～18
申1:19	0	2	四　在加低斯巴尼亞的失敗　一19～46
申2:1	0	2	五　從加低斯巴尼亞到渡過撒烈溪的飄流　二1～23
申2:24	0	2	六　擊敗西宏王和噩王，得了他們在約但河東之地　二24～三22
申3:23	0	2	七　摩西被禁止進入美地，約書亞被指派帶領百姓進入美地　三23～29
申4:1	0	2	八　摩西對以色列人誠懇的勸告　四1～40
申4:41	0	2	九　摩西在約但河東分出三座庇護城　四41～43
申4:44	0	1	貳　律法的重申　四44～二六19
申4:44	0	2	一　重申十條誡命　四44～五31
申5:32	0	2	二　一般的勸戒和警告　五32～十三18
申5:32	0	3	1　要遵守神的誡命、律例和典章　五32～六3
申6:4	0	3	2　要愛耶和華他們的神，持守、教導並書寫祂的話　六4～9
申6:10	0	3	3　要記念耶和華，敬畏祂，事奉祂，不可隨從別神　六10～15
申6:16	0	3	4　不可試探耶和華他們的神，要留意遵守祂的誡命、法度和律例，行耶和華所看為正、看為善的事　六16～19
申6:20	0	3	5　告訴他們的兒子關於法度、律例和典章的意義　六20～25
申7:1	0	3	6　對付周圍的列國　七1～8
申7:9	0	3	7　認識耶和華他們的神　七9～15
申7:16	0	3	8　不要懼怕列國，要記住耶和華他們的神所作的和必要作的　七16～26
申8:1	0	3	9　要記住耶和華為甚麼在曠野苦煉並試驗他們　八1～5
申8:6	0	3	10　要遵守耶和華他們神的誡命，好被帶進美地　八6～10
申8:11	0	3	11　不可忘記耶和華他們的神　八11～20
申9:1	0	3	12　要知道耶和華他們的神必在他們面前趕出列國的民，不是因他們心裏正直，乃是因那些國民的惡　九1～7
申9:8	0	3	13　摩西重申以色列人在神的山背叛的史實　九8～十11
申10:12	0	3	14　摩西囑咐以色列人九件事　十12～22
申11:1	0	3	15　要愛耶和華他們的神，見證祂所行的　十一1～7
申11:8	0	3	16　以色列人若遵守摩西勸戒和警告的話，就必蒙福　十一8～25
申11:26	0	3	17　摩西將祝福與咒詛陳明在以色列人面前　十一26～32
申12:1	0	3	18　摩西囑咐以色列人關於敬拜神的方式　十二1～32
申13:1	0	3	19　摩西囑咐以色列人關於背道的事　十三1～18
申14:1	0	2	三　重申一般的律例和典章　十四1～二六19
申14:1	0	3	1　關於他們是耶和華自己的珍寶　十四1～2
申14:3	0	3	2　關於聖別的飲食　十四3～21
申14:22	0	3	3　關於敬拜神　十四22～27，十五19～十六17，十六21～十七7，二三21～23，二六1～11
申14:22	0	4	a　藉著獻上牲口和出產的十分之一　十四22～27
申14:28	0	3	4　關於幫助缺乏的人　十四28～十五18，二三15～16，19～20，二四6，10～15 ，17～22，二六12～15
申14:28	0	4	a　每逢三年的末了，要以十分之一幫助人　十四28～29，二六12～15
申15:1	0	4	b　每逢七年的末了，要施行豁免　十五1～6
申15:7	0	4	c　借給窮乏的弟兄　十五7～11
申15:12	0	4	d　讓希伯來奴僕或婢女自由離去　十五12～18
申15:19	0	3	（3　關於敬拜神─續）
申15:19	0	4	b　藉著獻上牛群羊群中公的頭生的　十五19～23
申16:1	0	4	c　藉著守每年三個主要的節期─除酵節、七七節、住棚節　十六1～17
申16:18	0	3	5　關於百姓中間的管理　十六18～20，十七8～20，十九15～21，二一1～9，18～23，二二13～30，二四1～4，7，16，二五1～3，5～16
申16:18	0	4	a　設立審判官和官長　十六18～20
申16:21	0	3	（3　關於敬拜神─續）
申16:21	0	4	d　藉著不與拜偶像有攙雜　十六21～22
申17:1	0	4	e　藉著不將有殘疾的獻給耶和華　十七1
申17:2	0	4	f　藉著用石頭打死違背神約去事奉別神者　十七2～7
申17:8	0	3	（5　關於百姓中間的管理─續）
申17:8	0	4	b　關於難斷之訴訟的典章　十七8～13
申17:14	0	4	c　立王治理百姓　十七14～20
申18:1	0	3	6　關於祭司利未人和利未全支派的供應　十八1～8
申18:9	0	3	7　關於禁止交鬼或過陰　十八9～14
申18:15	0	3	8　關於耶和華神為以色列人興起一位像摩西的申言者（要來的基督）　十八15～19
申18:20	0	3	9　關於假申言者　十八20～22
申19:1	0	3	10　關於分出庇護城　十九1～13
申19:14	0	3	11　關於挪移鄰舍的地界　十九14
申19:15	0	3	（5　關於百姓中間的管理─續）
申19:15	0	4	d　關於罪孽或罪的典章　十九15～21
申20:1	0	3	12　關於以色列人出去與仇敵爭戰　二十1～20
申21:1	0	3	（5　關於百姓中間的管理─續）
申21:1	0	4	e　關於有人殺了人，被殺者給發現倒在美地田野之事的典章　二一1～9
申21:10	0	3	13　關於在被擄的人中，娶美貌女子為妻　二一10～14
申21:15	0	3	14　關於長子的名分　二一15～17
申21:18	0	3	（5　關於百姓中間的管理─續）
申21:18	0	4	f　關於頑梗悖逆兒子的典章　二一18～21
申21:22	0	4	g　將犯罪的人掛在木頭上　二一22～23
申22:1	0	3	15　關於顧到別人的權益　二二1～4，8
申22:5	0	3	16　關於任何種的攙雜　二二5，9～12
申22:6	0	3	17　寬待生產的動物　二二6～7，二五4
申22:8	0	3	15　關於顧到別人的權益（續）　二二8
申22:9	0	3	16　關於任何種的攙雜（續）　二二9～12
申22:13	0	3	（5　關於百姓中間的管理─續）
申22:13	0	4	h　與婚姻有關之事的典章　二二13～30
申23:1	0	3	18　關於喪失入耶和華之會的權利　二三1～8
申23:9	0	3	19　關於保持營中的潔淨　二三9～14
申23:15	0	3	（4　關於幫助缺乏的人─續）
申23:15	0	4	e　照顧逃跑的奴僕　二三15～16
申23:17	0	3	20　關於妓女和孌童　二三17～18
申23:19	0	3	（4　關於幫助缺乏的人─續）
申23:19	0	4	f　不可向弟兄取利息　二三19～20
申23:21	0	3	（3　關於敬拜神─續）
申23:21	0	4	g　藉著向耶和華謹守所許的願　二三21 ～23
申23:24	0	3	21　關於鄰舍的出產　二三24～25
申24:1	0	3	（5　關於百姓中間的管理─續）
申24:1	0	4	i　關於休妻的典章　二四1～4
申24:5	0	3	22　關於新娶妻的人　二四5
申24:6	0	3	（4　關於幫助缺乏的人─續）
申24:6	0	4	g　不可拿人的磨或上磨石作抵押　二四6
申24:7	0	3	（5　關於百姓中間的管理─續）
申24:7	0	4	j　關於拐帶的典章　二四7
申24:8	0	3	23　關於痲瘋的災病　二四8～9
申24:10	0	3	（4　關於幫助缺乏的人─續）
申24:10	0	4	h　關於向借貸的人拿抵押　二四10～13
申24:14	0	4	i　關於給窮乏雇工的工價　二四14～15
申24:16	0	3	（5　關於百姓中間的管理─續）
申24:16	0	4	k　關於父與子的典章　二四16
申24:17	0	3	（4　關於幫助缺乏的人─續）
申24:17	0	4	j　記念寄居的與孤兒寡婦的需要　二四17～22
申25:1	0	3	（5　關於百姓中間的管理─續）
申25:1	0	4	l　關於帶到以色列人面前之爭訟的典章　二五1～3
申25:4	0	3	17　寬待生產的動物（續）　二五4
申25:5	0	3	（5　關於百姓中間的管理─續）
申25:5	0	4	m　關於不願替死去之兄弟盡丈夫本分者的典章　二五5～10
申25:11	0	4	n　關於妻子不道德的幫助丈夫爭鬥的典章　二五11～12
申25:13	0	4	o　關於法碼和量器的典章　二五13～16
申25:17	0	3	24　不可忘記將亞瑪力人的名號塗抹　二五17～19
申26:1	0	3	（3　關於敬拜神─續）
申26:1	0	4	h　藉著進去得了美地為業之後，將美地各種初熟的出產，取些獻上　二六1～11
申26:12	0	3	（4　關於幫助缺乏的人─續）
申26:12	0	4	a　每逢三年的末了，要以十分之一幫助人（續）　二六12～15
申26:16	0	3	25　結語　二六16～19
申27:1	0	1	參　警告　二七1～二八68
申27:1	0	2	一　摩西和以色列的眾長老，吩咐百姓要遵守一切的誡命，並要在美地宣告咒詛　二七1～26
申28:1	0	2	二　他們若留意聽從耶和華的話，遵行祂的誡命，所賜的福必趕上他們　二八1～14
申28:15	0	2	三　他們若不聽從耶和華的話，不遵行祂的誡命，所加給的咒詛必趕上他們　二八15～68
申29:1	0	1	肆　立約　二九1～三十20
申29:1	0	2	一　引言　二九1～17
申29:1	0	3	1　根據已過的經歷　1～8，16～17
申29:9	0	3	2　立約的對象和目的　9～15
申29:16	0	3	1　根據已過的經歷（續）　16～17
申29:18	0	2	二　約的內容　二九18～三十10
申30:11	0	2	三　結語　三十11～20
申31:1	0	1	伍　最終的勸戒與囑咐　三一1～29
申31:1	0	2	一　摩西對百姓的勸戒　1～6
申31:7	0	2	二　摩西對約書亞的勸戒　7～8
申31:9	0	2	三　摩西對祭司利未子孫和以色列眾長老的勸戒　9～13
申31:14	0	2	四　耶和華吩咐摩西寫一首歌　14～23
申31:24	0	2	五　摩西將話寫完，並囑咐利未人和以色列眾長老　24～29
申31:30	0	1	陸　摩西的歌　三一30～三二47
申31:30	0	2	一　歌的內容　三一30～三二43
申32:44	0	2	二　摩西和約書亞告訴百姓的話　三二44～47
申32:48	0	1	柒　摩西的死以及他的繼承者　三二48～52，三四1～12
申32:48	0	2	一　摩西的死　三二48～52，三四1～8
申33:1	0	1	捌　摩西的祝福　三三1～29
申33:1	0	2	一　引言　1～5
申33:6	0	2	二　祝福　6～25
申33:26	0	2	三　結語　26～29
申34:1	0	1	（柒　摩西的死以及他的繼承者─續）
申34:1	0	2	一　摩西的死（續）　三四1～8
申34:9	0	2	二　摩西的繼承者　三四9～12
書1:1	0	1	壹　進入美地　一1～五15
書1:1	0	2	一　神的任命　一1～18
書1:1	0	3	1　神對約書亞的吩咐、應許和鼓勵　1～9
書1:10	0	3	2　約書亞吩咐百姓　10～15
書1:16	0	3	3　百姓對約書亞的回答　16～18
書2:1	0	2	二　窺探那地　二1～24
書2:1	0	3	1　約書亞打發兩個探子　1上
書2:1	43	3	2　耶和華豫備妓女喇合　1下～22
書2:23	0	3	3　兩個探子回來並報告　23～24
書3:1	0	2	三　過約但河　三1～四24
書5:1	0	2	四　攻擊前的豫備　五1～15
書5:1	0	3	1　亞摩利人和迦南人諸王的反應　1
書5:2	0	3	2　新以色列人受割禮　2～9
書5:10	0	3	3　守逾越節　10
書5:11	0	3	4　喫應許之地的出產　11～12
書5:13	0	3	5　約書亞所看見的異象　13～15
書6:1	0	1	貳　據有美地　六1～十二24
書6:1	0	2	一　耶利哥的毀滅　六1～27
書7:1	0	2	二　艾城的毀滅　七1～八35
書7:1	0	3	1　在艾城的失敗　七1～26
書8:1	0	3	2　勝過艾城　八1～29
書8:30	0	3	3　約書亞抄寫律法，並向以色列人宣讀律法　八30～35
書9:1	0	2	三　基遍人得拯救　九1～27
書10:1	0	2	四　約但河西山地、低陸、並沿著大海一帶，其餘一切列國的毀滅　十1～十二24
書10:1	0	3	1　毀滅耶路撒冷、希伯崙、耶末、拉吉和伊磯倫　十1～27
書10:28	0	3	2　毀滅在約但河西山地、低陸三十一國的三十一個王，並毀滅約但河東西宏王管轄的希實本，以及噩王管轄的巴珊　十28～十二24
書13:1	0	1	參　拈鬮分配美地　十三1～二二34
書13:1	0	2	一　有待取得為業之地　十三1～7
書13:8	0	2	二　約但河東之地已由摩西分給兩個半支派　十三8～十四3上
書14:3	24	2	三　利未支派沒有分得土地　十四3下～5
書14:6	0	2	四　猶大支派分得之地　十四6～十五63
書16:1	0	2	五　約瑟支派分得之地　十六1～十七18
書16:1	0	3	1　從耶利哥到伯特利，又到海為止　十六1～4
書16:5	0	3	2　約瑟次子以法蓮子孫分得之地　十六5～10
書17:1	0	3	3　約瑟長子瑪拿西分得之地　十七1～18
書18:1	0	2	六　其餘七個支派分得之地　十八1～十九51
書18:1	0	3	1　約書亞豫備將地拈鬮分給七個支派　十八1～10
書18:11	0	3	2　便雅憫支派分得之地　十八11～28
書19:1	0	3	3　西緬支派分得之地　十九1～9
書19:10	0	3	4　西布倫支派分得之地　十九10～16
書19:17	0	3	5　以薩迦支派分得之地　十九17～23
書19:24	0	3	6　亞設支派分得之地　十九24～31
書19:32	0	3	7　拿弗他利支派分得之地　十九32～39
書19:40	0	3	8　但支派分得之地　十九40～48
書19:49	0	3	9　約書亞所得的地業　十九49～51
書20:1	0	2	七　庇護城　二十1～9
書20:1	0	3	1　為無意中誤殺人者設立的　1～6
書20:7	0	3	2　三座在約但河西的迦南　7
書20:8	0	3	3　三座在約但河東的境內　8～9
書21:1	0	2	八　利未人所分得的城和屬城的郊野　二一1～42
書21:1	0	3	1　是他們在示羅所求而拈鬮分給他們的　1～7
書21:8	0	3	2　亞倫的子孫，哥轄人的一個家族所得的　8～19
書21:20	0	3	3　哥轄其餘的子孫所得的　20～26
書21:27	0	3	4　革順的子孫所得的　27～33
書21:34	0	3	5　米拉利的子孫所得的　34～42
書21:43	0	2	九　應驗了耶和華向以色列列祖的應許　二一43～45
書22:1	0	2	十　流便、迦得、和瑪拿西半支派回到他們在約但河東的地去　二二1～34
書23:1	0	1	肆　約書亞離世　二三1～二四33
書23:1	0	2	一　約書亞對以色列的長老、首領、審判官、並官長離別的話　二三1～16
書24:1	0	2	二　約書亞對以色列眾支派，同他們的長老、首領、審判官、並官長離別的話　二四1～33
士1:1	0	1	壹　以色列信靠神　一1～二5
士1:1	0	2	一　猶大的放膽與得勝　一1～21
士1:22	0	2	二　約瑟家上去攻打伯特利，耶和華與他們同在，他們用刀擊殺了城中的民　一22～26
士1:27	0	2	三　一些缺點　一27～36
士2:1	0	2	四　耶和華使者（就是基督作為舊約裏行動的耶和華，照顧以色列人）的勸戒　二1～5
士2:6	0	1	貳　以色列離棄神（包括他們的戰敗、悔改，以及神的拯救）　二6～十六31
士2:6	0	2	一　以色列離棄神的原因　二6～10
士2:11	0	2	二　以色列離棄神之慘痛歷史的循環　二 11～20
士2:21	0	2	三　耶和華試驗以色列人　二21～三6
士3:7	0	2	四　第一次循環，藉著俄陀聶　三7～11上
士3:11	10	2	五　第二次循環，藉著以笏和珊迦　三11下～31
士4:1	0	2	六　第三次循環，藉著底波拉　四1～五31
士5:1	0	2	（底波拉和巴拉的歌　五1～31）
士6:1	0	2	七　第四次循環，藉著基甸　六1～八32
士8:33	0	2	八　第五次循環，藉著亞比米勒、陀拉和睚珥　八33～十5
士10:6	0	2	九　第六次循環，藉著耶弗他、以比讚、以倫和押頓　十6～十二15
士13:1	0	2	十　第七次循環，藉著參孫　十三1～十六31
士17:1	0	1	參　以色列漸漸敗壞　十七1～二一25
士17:1	0	2	一　在敬拜上可憎的混亂　十七1～十八31
士19:1	0	2	二　在道德上淫亂的敗壞　十九1～30
士19:1	0	3	1　敗壞的事　1～26
士19:27	0	3	2　這敗壞的事傳遍以色列四境　27～30
士20:1	0	2	三　支派之間可怕的殺戮　二十1～二一25
得1:1	0	1	壹　以利米勒偏離神經綸中的安息　一1～2
得1:3	0	1	貳　拿俄米歸回神經綸中的安息　一3～7，19～22
得1:8	0	1	參　路得揀選她的目標　一8～18
得1:19	0	1	貳　拿俄米歸回神經綸中的安息（續）　一19～22
得2:1	0	1	肆　路得使用她的權利　二1～23
得3:1	0	1	伍　路得尋找她的安息　三1～18
得4:1	0	1	陸　路得得著賞賜為著神的經綸　四1～22
撒上1:1	0	1	壹　撒母耳的歷史　撒上一1～八22
撒上1:1	0	2	一　他的起源與出生　一1～20
撒上1:21	0	2	二　他的幼年　一21～二11
撒上2:12	0	2	三　他與陳腐衰微之亞倫祭司職分的關係　二12～七17
撒上2:12	0	3	1　看到墮落之亞倫祭司職分的敗落　二12～26
撒上2:27	0	3	2　看見神對以利家嚴厲的審判　二27～三21
撒上4:1	0	3	3　知悉在墮落腐敗之亞倫祭司職分的迷信下，神約櫃的不幸　四1～七2
撒上7:3	0	3	4　作祭司事奉，並作士師治理以色列　七3～17
撒上8:1	0	2	四　撒母耳職事的結束　八1～22
撒上9:1	0	1	貳　掃羅的歷史　撒上九1～十五35
撒上9:1	0	2	一　他的出身　九1～2
撒上9:3	0	2	二　神膏掃羅作王　九3～十27
撒上11:1	0	2	三　掃羅征服亞捫人　十一1～13
撒上11:14	0	2	四　撒母耳重新題醒以色列人　十一14～十二25
撒上13:1	0	2	五　掃羅征服非利士人　十三1～十四52
撒上15:1	0	2	六　掃羅在征服亞瑪力人的事上不順從　十五1～35
撒上16:1	0	1	參　大衛的歷史　撒上十六1～撒下二四25
撒上16:1	0	2	一　神所豫備，合乎神心的人　撒上十六1～撒下一27
撒上16:1	0	3	1　蒙神揀選　十六1～10
撒上16:11	0	3	2　在卑微中受神訓練　十六11
撒上16:12	0	3	3　受膏　十六12～23
撒上17:1	0	3	4　在信靠神擊敗歌利亞的事上受試驗並蒙稱許　十七1～58
撒上18:1	0	3	5　受掃羅逼迫試驗　撒上十八1～撒下一27
撒上18:1	0	4	a　約拿單對大衛的愛　十八1～5
撒上18:6	0	4	b　掃羅嫉妒大衛　十八6～9
撒上18:10	0	4	c　掃羅設計殺大衛　十八10～二十42
撒上21:1	0	4	d　大衛得祭司亞希米勒供給陳設聖餅和歌利亞的刀　二一1～9
撒上21:10	0	4	e　大衛躲避掃羅，逃到迦特王亞吉那裏　二一10～15
撒上22:1	0	4	f　大衛住在亞杜蘭洞、摩押的米斯巴、和猶大的哈列樹林裏　二二1～5
撒上22:6	0	4	g　掃羅因大衛的緣故，殺祭司亞希米勒和他全家　二二6～23
撒上23:1	0	4	h　大衛擊敗非利士人，住在基伊拉　二三1～12
撒上23:13	0	4	i　大衛留在西弗曠野　二三13～28
撒上23:29	0	4	j　大衛住在隱基底的山寨裏　二三29～二四2
撒上24:3	0	4	k　掃羅落在大衛手裏，大衛卻不殺他　二四3～22
撒上25:1	0	4	l　撒母耳的死　二五1上
撒上25:1	31	4	m　大衛對付拿八和亞比該　二五1下～44
撒上26:1	0	4	n　耶和華將掃羅交在大衛手中，但大衛不殺他　二六1～25
撒上27:1	0	4	o　大衛逃往非利士人之地，住在那裏　二七1～二八2
撒上28:3	0	4	p　撒母耳豫告掃羅悲慘的結局　二八3～25
撒上29:1	0	4	q　大衛在神的主宰下，被阻止加入非利士人的軍隊去攻擊以色列　二九1～11
撒上30:1	0	4	r　大衛征服亞瑪力人，擄掠了他們所擄掠的　三十1～31
撒上31:1	0	4	s　掃羅的結局　三一1～13
撒下1:1	0	4	t　大衛的反應　一1～27
撒下2:1	0	2	二　為百姓所加冠，作神在地上之國的王　二1～二四25
撒下2:1	0	3	1　為百姓所加冠　二1～五25
撒下2:1	0	4	a　為猶大支派所加冠　二1～四12
撒下5:1	0	4	b　為其餘的眾支派所加冠　五1～5
撒下5:6	0	4	c　為著神百姓以色列的緣故，被神堅立作王，他的國得著高舉　五6～25
撒下6:1	0	3	2　大衛顧到神在地上的居所　六1～七29
撒下6:1	0	4	a　照顧神約櫃的居所　六1～23
撒下7:1	0	4	b　要為神建殿　七1～29
撒下8:1	0	3	3　大衛征服他的仇敵，堅固他的國　八1～十19
撒下8:1	0	4	a　大衛征服非利士人、摩押人、瑣巴人、亞蘭人和以東人　八1～14
撒下8:15	0	4	b　大衛作王，施行公理和公義　八15～18
撒下9:1	0	4	c　大衛恩待約拿單的兒子米非波設　九1～13
撒下10:1	0	4	d　大衛征服亞捫人和亞蘭人　十1～19
撒下11:1	0	3	4　大衛放縱的罪　十一1～27
撒下12:1	0	3	5　神懲罰的定罪　十二1～15上
撒下12:15	8	3	6　神對大衛懲罰的審判　十二15下～二十26
撒下12:15	8	4	a　從烏利亞妻子所生孩子的死　十二15下～23
撒下12:24	0	4	b　所羅門的出生　十二24～25
撒下12:26	0	4	c　大衛征服亞捫人　十二26～31
撒下13:1	0	4	d　大衛的兒子暗嫩與他妹妹他瑪的亂倫　十三1～22
撒下13:23	0	4	e　大衛的兒子押沙龍殺暗嫩　十三23～39
撒下14:1	0	4	f　約押設計使押沙龍回來　十四1～24
撒下14:25	0	4	g　押沙龍的俊美和他的兒女　十四25～27
撒下14:28	0	4	h　押沙龍要見他父親大衛的面　十四28～33
撒下15:1	0	4	i　押沙龍的反叛　十五1～十九8上
撒下19:8	12	4	j　押沙龍反叛失敗後，大衛的國得平定　十九8下～43
撒下20:1	0	4	k　示巴的背叛　二十1～22
撒下20:23	0	4	l　大衛的國重新建立　二十23～26
撒下21:1	0	3	7　大衛王位的末期　二一1～二四25
撒下21:1	0	4	a　大衛為百姓處理饑荒的事　二一1～14
撒下21:15	0	4	b　大衛征服非利士人　二一15～22
撒下22:1	0	4	c　大衛作歌感謝讚美神　二二1～51
撒下23:1	0	4	d　大衛末了的話　二三1～7
撒下23:8	0	4	e　大衛的勇士　二三8～39
撒下24:1	0	4	f　大衛最後的罪　二四1～25
王上1:1	0	1	壹　大衛的晚年和去世　王上一1～二11
王上1:1	0	2	一　老邁衰萎　一1～4
王上1:5	0	2	二　立所羅門為王位繼承人　一5～53
王上2:1	0	2	三　臨終囑咐他的兒子所羅門，就是大衛王位的繼承人　二1～9
王上2:10	0	2	四　他地上的生命終止　二10～11
王上2:12	0	1	貳　列王的掌權　王上二12～王下二五30
王上2:12	0	2	一　所羅門作王　王上二12～十一43上
王上2:12	0	3	1　了結背叛的因素，以堅立他的國　二12～46
王上3:1	0	3	2　娶埃及王女兒為妻　三1
王上3:2	0	3	3　尋求神　三2～4
王上3:5	0	3	4　尋求智慧　三5～15
王上3:16	0	3	5　判斷兩個妓女爭執的案件　三16～28
王上4:1	0	3	6　他管理之行政的組織　四1～19
王上4:20	0	3	7　他在神豐厚祝福下的興盛　四20～五18
王上6:1	0	3	8　建造神的殿和所羅門自己的宮室　六1～八66
王上6:1	0	4	a　殿　六1～38
王上7:1	0	4	b　建造宮室與神的居所相關聯　七1～12
王上7:13	0	4	c　戶蘭─所羅門的工匠　七13～14
王上7:15	0	4	d　兩根銅柱　七15～22
王上7:23	0	4	e　銅海和十個銅盆　七23～40上
王上7:40	11	4	f　戶蘭為所羅門所作的工　七40下～47
王上7:48	0	4	g　殿的器具　七48～51
王上8:1	0	4	h　獻殿　八1～66
王上8:1	0	5	（一）　帳幕與殿合併　1～11
王上8:12	0	5	（二）　所羅門對百姓的祝福和宣告　12～21
王上8:22	0	5	（三）　所羅門的禱告　22～53
王上8:54	0	5	（四）　所羅門給百姓進一步的祝福　54～61
王上8:62	0	5	（五）　所羅門和眾民向神獻上大量的祭牲　62～64
王上8:65	0	5	（六）　所羅門和他的民守節十四日　65～66
王上9:1	0	3	9　所羅門在列國中榮耀的巔峰　九1～十29
王上9:1	0	4	a　耶和華悅納所羅門的禱告，並應許堅立他的國位，直到永遠　九1～9
王上9:10	0	4	b　所羅門與希蘭結盟　九10～14
王上9:15	0	4	c　所羅門又建造許多城　九15～24
王上9:25	0	4	d　所羅門每年三次獻祭　九25
王上9:26	0	4	e　所羅門得希蘭幫助，建立船隊　九26～28
王上10:1	0	4	f　示巴女王來向所羅門致敬並聽他智慧的話　十1～10，13
王上10:11	0	4	g　希蘭的船隊為神的殿和所羅門的宮室運來寶貴材料　十11～12
王上10:13	0	4	f　示巴女王來向所羅門致敬並聽他智慧的話（續）　十13
王上10:14	0	4	h　所羅門因列國的進貢和稅賦而致富，並建立防禦　十14～29
王上11:1	0	3	10　以色列歷史的悲劇　 十一1～43上
王上11:1	0	4	a　所羅門的墮落　1～8
王上11:9	0	4	b　神的懲治　9～40
王上11:9	0	5	（一）　神向所羅門發怒，定意要將他的國撕去，賜給他的臣僕（以色列國的分裂）　9～13
王上11:14	0	5	（二）　神懲治的行動　14～40
王上11:41	0	4	c　所羅門作全以色列的王四十年後崩逝　41～43上
王上11:43	21	2	二　羅波安作猶大王，耶羅波安作以色列王　十一43下～十四31上
王上11:43	21	3	1　羅波安接續所羅門作王　十一43下
王上12:1	0	3	2　羅波安遭受國度的分裂，失去十個支派　十二1～24
王上12:25	0	3	3　耶羅波安的背道　十二25～33
王上13:1	0	3	4　神對耶羅波安在伯特利所造之壇的審判　十三1～32
王上13:33	0	3	5　耶羅波安進一步的背道　十三33～34
王上14:1	0	3	6　亞希雅豫言耶羅波安悲慘的結局　十四1～18
王上14:19	0	3	7　耶羅波安作以色列十個支派的王，他的性命因神嚴厲的刑罰而結束　十四19～20
王上14:21	0	3	8　羅波安登基作猶大王　十四21～24
王上14:25	0	3	9　羅波安被埃及王擊敗、搶奪　十四25～28
王上14:29	0	3	10　羅波安與耶羅波安時常爭戰，以及羅波安葬在大衛城　十四29～31上
王上14:31	36	2	三　亞比央作猶大王　十四31下～十五8上
王上15:8	20	2	四　亞撒作猶大王　十五8下～24
王上15:25	0	2	五　拿答作以色列王　十五25～31
王上15:32	0	2	六　巴沙作以色列王　十五32～十六7
王上16:8	0	2	七　以拉作以色列王　十六8～14
王上16:15	0	2	八　心利作以色列王　十六15～20
王上16:21	0	2	九　暗利作以色列王　十六21～28上
王上16:28	16	2	十　亞哈作以色列王　十六28下～二二40
王上16:28	16	3	1　登基作以色列王　十六28下～29
王上16:30	0	3	2　行耶和華眼中看為惡的事，比他以前的諸王更甚　十六30～33
王上16:34	0	3	3　他在位的日子，有人重修耶利哥城就受了咒詛，正如所豫言的　十六34
王上17:1	0	3	4　神藉申言者以利亞對付亞哈　十七1～十九9上
王上17:1	0	4	a　使天閉塞不下雨　十七1～24
王上17:2	0	5	（一）　神打發以利亞去靠溪水和烏鴉叼來的食物養生　2～7
王上17:8	0	5	（二）　神打發以利亞往一個寡婦那裏去得供養　8～24
王上17:8	0	6	（1）　以利亞神奇的用麵和油供給那寡婦，而非從她得供養　8～16
王上17:17	0	6	（2）　以利亞使寡婦死去的兒子活過來　17～24
王上18:1	0	4	b　使天開啟降雨　十八1～46
王上18:1	0	5	（一）　神打發以利亞去見亞哈　1～2
王上18:3	0	5	（二）　亞哈藉著俄巴底來見以利亞　3～16
王上18:17	0	5	（三）　迦密山上的試驗，證明誰是真神　17～40
王上18:41	0	5	（四）　降下大雨　41～46
王上19:1	0	4	c　以利亞受亞哈妻子耶洗別的威嚇　十九1～9上
王上19:9	16	3	5　耶和華在以利亞沮喪時給他的託付　十九9下～18
王上19:19	0	3	6　以利亞遇見以利沙，得著他跟隨自己，並頂替自己　十九19～21
王上20:1	0	3	7　應付亞蘭王便哈達　二十1～43
王上21:1	0	3	8　用不義手段強取拿伯的葡萄園　二一1 ～29
王上22:1	0	3	9　他可憐的結局　二二1～40
王上22:41	0	2	十一　約沙法作猶大王　王上二二41～50
王上22:51	0	2	十二　亞哈謝作以色列王　王上二二51～王下一18
王下1:1	0	2	十二　亞哈謝作以色列王（續）　一1～18
王下2:1	0	2	十三　以利亞被提　二1～18
王下2:19	0	2	十四　以利沙恩典的職事　二19～25，四1～六7
王下2:19	0	3	1　治好耶利哥惡劣的水　二19～22
王下2:23	0	3	2　咒詛譏誚他的童子　二23～25
王下3:1	0	2	十五　約蘭作以色列王　三1～27，六8～八15
王下3:1	0	3	1　與摩押王爭戰　三1～27
王下4:1	0	2	十四　以利沙恩典的職事（續）　四1～六7
王下4:1	0	3	3　稱無為有　四1～17，42～44
王下4:18	0	3	4　叫死人復活　四18～37
王下4:38	0	3	5　用麵去除野瓜的毒　四38～41
王下4:42	0	3	3　稱無為有（續）　四42～44
王下5:1	0	3	6　醫治患痲瘋者　五1～27
王下6:1	0	3	7　用一根木頭，使掉在水裏的斧頭浮上來　六1～7
王下6:8	0	2	十五　約蘭作以色列王（續）　六8～八15
王下6:8	0	3	2　亞蘭王便哈達與以色列人爭戰　六8～23
王下6:24	0	3	3　亞蘭王便哈達圍困撒瑪利亞　六24～七20
王下8:1	0	3	4　以利沙說到神所命定的七年饑荒　八1 ～6
王下8:7	0	3	5　以利沙與亞蘭王便哈達友好的接觸　八7～15
王下8:16	0	2	十六　約蘭作猶大王　八16～24上
王下8:24	21	2	十七　亞哈謝作猶大王　八24下～29
王下9:1	0	2	十八　耶戶作以色列王　九1～十36
王下11:1	0	2	十九　亞他利雅非法作猶大王　十一1～16
王下11:17	0	2	二十　約阿施作猶大王　十一17～十二21
王下13:1	0	2	二一　約哈斯作以色列王　十三1～9上
王下13:9	20	2	二二　約阿施作以色列王　十三9下～25
王下14:1	0	2	二三　亞瑪謝作猶大王　十四1～22
王下14:23	0	2	二四　耶羅波安作以色列王　十四23～29
王下15:1	0	2	二五　亞撒利雅（烏西雅）作猶大王　十五1～7
王下15:8	0	2	二六　撒迦利雅作以色列王　十五8～12
王下15:13	0	2	二七　沙龍作以色列王　十五13～15
王下15:16	0	2	二八　米拿現作以色列王　十五16～22上
王下15:22	10	2	二九　比加轄作以色列王　十五22下～26
王下15:27	0	2	三十　比加作以色列王　十五27～31
王下15:32	0	2	三一　約坦作猶大王　十五32～38上
王下15:38	24	2	三二　亞哈斯作猶大王　十五38下～十六20
王下17:1	0	2	三三　何細亞作以色列王　十七1～41
王下18:1	0	2	三四　希西家作猶大王　十八1～二十21上
王下18:1	0	3	1　希西家的亨通　十八1～8
王下18:9	0	3	2　亞述犯境　十八9～十九37
王下18:9	0	4	a　亞述王撒縵以色的犯境　十八9～12
王下18:13	0	4	b　亞述王西拿基立侮辱且褻瀆的攻擊與挑釁　十八13～十九37
王下20:1	0	3	3　耶和華的醫治　二十1～11
王下20:12	0	3	4　希西家的失敗　二十12～19
王下20:20	0	3	5　希西家引水入城及其終局　二十20～21上
王下20:21	10	2	三五　瑪拿西作王　二十21下～二一18上
王下21:18	28	2	三六　亞們作王　二一18下～26上
王下21:26	17	2	三七　約西亞作王　二一26下～二三30上
王下23:30	32	2	三八　約哈斯作王　二三30下～33
王下23:34	0	2	三九　約雅敬作王　二三34～二四6上
王下24:6	10	2	四十　約雅斤作王　二四6下～9，二五27～30
王下24:10	0	2	四一　巴比倫王尼布甲尼撒圍困耶路撒冷　二四10～16
王下24:17	0	2	四二　西底家作王　二四17～20
王下25:1	0	2	四三　耶路撒冷被攻陷，猶大人被遷徙　二五1～21
王下25:22	0	2	四四　基大利的管理　二五22～26
王下25:27	0	2	四十　約雅斤作王（續）　二五27～30
代上1:1	0	1	壹　從亞當到以色列十二支派的家譜　代上一1～九44
代上1:1	0	2	一　從亞當到亞伯拉罕的家譜　一1～27
代上1:28	0	2	二　亞伯拉罕的家譜　一28～34
代上1:35	0	2	三　以掃的家譜　一35～54
代上2:1	0	2	四　以色列的家譜　二1～九44
代上2:1	0	3	1　以色列的眾子　二1～2
代上2:3	0	3	2　猶大的家譜　二3～四23
代上4:24	0	3	3　西緬的家譜　四24～43
代上5:1	0	3	4　流便的家譜　五1～10
代上5:11	0	3	5　迦得的家譜　五11～17
代上5:18	0	3	6　關於流便人、迦得人、和瑪拿西半支派的人插進的話　五18～26
代上6:1	0	3	7　利未的家譜　六1～81
代上7:1	0	3	8　以薩迦的家譜　七1～5
代上7:6	0	3	9　便雅憫的家譜　七6～12，八1～40
代上7:13	0	3	10　拿弗他利的家譜　七13
代上7:14	0	3	11　瑪拿西的家譜　七14～19
代上7:20	0	3	12　以法蓮的家譜　七20～29
代上7:30	0	3	13　亞設的家譜　七30～40
代上8:1	0	3	9　便雅憫的家譜（續）　八1～40
代上9:1	0	3	14　歸回之以色列人的家譜　九1～34
代上9:35	0	3	15　掃羅家族的家譜　九35～44
代上10:1	0	1	貳　治理全以色列之諸王的歷史　代上十1 ～代下九31上
代上10:1	0	2	一　掃羅的結局　十1～14
代上11:1	0	2	二　大衛作王　十一1～二九30
代上11:1	0	3	1　被加冠立為王　十一1～9
代上11:10	0	3	2　他的勇士　十一10～十二40
代上13:1	0	3	3　顧到神約櫃的居所　十三1～十六43
代上17:1	0	3	4　要為神建殿　十七1～27
代上18:1	0	3	5　他的出征　十八1～二十8
代上18:1	0	4	a　征服非利士人、摩押人、瑣巴人、亞蘭人和以東人　十八1～17
代上19:1	0	4	b　征服亞捫人和亞蘭人　十九1～二十3
代上20:4	0	4	c　征服非利士人　二十4～8
代上21:1	0	3	6　他末次的罪　二一1～二二1
代上22:2	0	3	7　他為著建造神殿的豫備　二二2～19
代上23:1	0	3	8　他安排祭司和利未人供職的班次　二三 1～二六32
代上23:1	0	4	a　立他兒子所羅門作以色列的王　二三1
代上23:2	0	4	b　利未人供職的班次　二三2～32
代上24:1	0	4	c　祭司分為二十四個班次　二四1～19
代上24:20	0	4	d　其餘的利未人都掣籤供職　二四20～31
代上25:1	0	4	e　將亞薩、希幔、並耶杜頓子孫中的一些人分為二十四班歌唱　二五1～31
代上26:1	0	4	f　守門人的班次　二六1～19
代上26:20	0	4	g　分派一些利未人看守神殿的府庫和聖物的府庫　二六20～28
代上26:29	0	4	h　任命一些利未人作官長和審判官，在聖殿以外的事務上，管理以色列　二六29～32
代上27:1	0	3	9　在大衛行政管理中的官長　二七1～34
代上27:1	0	4	a　服事王的官長　1～15
代上27:16	0	4	b　管理十二支派和亞倫家的軍長　16～24
代上27:25	0	4	c　掌管王府庫、監理王產業的官長　25～31
代上27:32	0	4	d　大衛的謀士、教師、朋友、和他軍隊的元帥　32～34
代上28:1	0	3	10　招聚以色列的眾首領到耶路撒冷　二八1～二九25
代上28:1	0	4	a　他向會眾的訓言　二八1～8
代上28:9	0	4	b　囑咐他的兒子所羅門要事奉耶和華，建造神的殿　二八9～21
代上29:1	0	4	c　他為建造神殿所豫備的，激動以色列眾首領樂意獻上他們的禮物　二九1～9
代上29:10	0	4	d　他在全會眾面前頌讚耶和華　二九10～20上
代上29:20	22	4	e　全會眾的反應　二九20下～25
代上29:26	0	3	11　他地上的生命終止　二九26～30
代下1:1	0	2	三　所羅門作王　一1～九31上
代下1:1	0	3	1　尋求智慧　一1～12
代下1:13	0	3	2　他在神豐厚祝福下的興盛　一13～二18
代下3:1	0	3	3　建造神的殿和自己的宮室　三1～七10
代下3:1	0	4	a　殿　三1～14
代下3:15	0	4	b　兩根銅柱　三15～17
代下3:16	0	4	a　殿（續）　三16
代下3:17	0	4	b　兩根銅柱（續）　三17
代下4:1	0	4	c　銅祭壇　四1
代下4:2	0	4	d　銅海和十個銅盆　四2～6
代下4:7	0	4	e　殿的器具　四7～8
代下4:9	0	4	f　院子　四9～10
代下4:11	0	4	g　戶蘭為所羅門所作的工　四11～五1
代下5:2	0	4	h　獻殿　五2～七10
代下5:2	0	5	（一）　帳幕與殿合併　五2～14
代下6:1	0	5	（二）　所羅門對百姓的祝福和宣告　六1～11
代下6:12	0	5	（三）　所羅門的禱告　六12～42
代下7:1	0	5	（四）　耶和華的榮光充滿殿　七1～3
代下7:4	0	5	（五）　所羅門和眾民向神獻上大量的祭牲　七4～7
代下7:8	0	5	（六）　所羅門和他的民守節十四日　七8～10
代下7:11	0	3	4　所羅門在列國中榮耀的最高峰　七11～九28
代下7:11	0	4	a　耶和華悅納他的禱告，並應許要堅立他的國位，直到永遠　七11～22
代下8:1	0	4	b　所羅門與戶蘭結盟　八1～2
代下8:3	0	4	c　建造許多城　八3～11
代下8:12	0	4	d　所羅門在每日並所定的節期獻祭　八12～16
代下8:17	0	4	e　所羅門的船隊以及與戶蘭的合作　八17～18
代下9:1	0	4	f　示巴女王來向所羅門致敬並聽他智慧的話　九1～9，12
代下9:10	0	4	g　戶蘭的僕人為神的殿和所羅門的宮室運來寶貴的材料　九10～11
代下9:12	0	4	f　示巴女王來向所羅門致敬並聽他智慧的話（續）　九12
代下9:13	0	4	h　所羅門因列國諸王的進貢和商賈的稅賦而致富　九13～24，26～27
代下9:25	0	4	i　購建戰車馬兵作為防衛　九25，28
代下9:26	0	4	h　所羅門因列國諸王的進貢和商賈的稅賦而致富（續）　九26～27
代下9:28	0	4	i　購建戰車馬兵作為防衛（續）　九28
代下9:29	0	3	5　所羅門作全以色列的王四十年後崩逝　九29～31上
代下9:31	21	1	參　猶大諸王的歷史　九31下～三六23
代下9:31	21	2	一　羅波安作王　九31下～十二16上
代下9:31	21	3	1　接續所羅門作王　九31下
代下10:1	0	3	2　遭受國度分裂，失去十個支派　十1～十一4
代下11:5	0	3	3　作王治理猶大和便雅憫　十一5～23
代下12:1	0	3	4　被埃及王擊敗、搶奪　十二1～12
代下12:13	0	3	5　與以色列的耶羅波安爭戰，以及葬在大衛城　十二13～16上
代下12:16	17	2	二　亞比雅作王　十二16下～十四1上
代下14:1	20	2	三　亞撒作王　十四1下～十六14
代下17:1	0	2	四　約沙法作王　十七1～二一1上
代下18:1	0	2	（以色列王亞哈可憐的結局　十八1～34）
代下21:1	25	2	五　約蘭作王　二一1下～20
代下22:1	0	2	六　亞哈謝作王　二二1～9
代下22:10	0	2	七　亞他利雅非法作王　二二10～二三15
代下23:16	0	2	八　約阿施作王　二三16～二四27上
代下24:27	38	2	九　亞瑪謝作王　二四27下～二五28
代下26:1	0	2	十　烏西雅作王　二六1～23上
代下26:23	42	2	十一　約坦作王　二六23下～二七9上
代下27:9	19	2	十二　亞哈斯作王　二七9下～二八27上
代下28:27	33	2	十三　希西家作王　二八27下～三二33上
代下28:27	33	3	1　重修耶和華的殿，從聖所中挪去污穢之物　二八27下～二九36
代下30:1	0	3	2　恢復逾越節　三十1～三一1
代下31:2	0	3	3　設立祭司和利未人供職的班次　三一2～21
代下32:1	0	3	4　建立防禦，抵擋亞述人入侵　三二1～23
代下32:24	0	3	5　患病及復原　三二24～26
代下32:27	0	3	6　他的亨通及結局　三二27～33上
代下32:33	50	2	十四　瑪拿西作王　三二33下～三三20上
代下33:20	22	2	十五　亞們作王　三三20下～25上
代下33:25	19	2	十六　約西亞作王 　三三25下～三五27
代下36:1	0	2	十七　約哈斯作王　三六1～3
代下36:4	0	2	十八　約雅敬作王　三六4～5，8上
代下36:6	0	2	十九　巴比倫王尼布甲尼撒將神殿裏的器皿帶到巴比倫去　三六6～7，10上
代下36:8	0	2	十八　約雅敬作王（續）　三六8上
代下36:8	38	2	二十　約雅斤作王　三六8下～9
代下36:10	0	2	十九　巴比倫王尼布甲尼撒將神殿裏的器皿帶到巴比倫去（續）　三六10上
代下36:10	37	2	二一　西底家作王　三六10下～13
代下36:14	0	2	二二　遷徙到巴比倫　三六14～23
代下36:14	0	3	1　原因　14～16
代下36:17	0	3	2　遷徙　17～20上
代下36:20	20	3	3　以色列人被擄的期限　20下～21
代下36:22	0	3	4　波斯王古列宣告釋放以色列人　22～23
拉1:1	0	1	壹　被擄之人在所羅巴伯的君王領導下歸回　一1～六22
拉1:1	0	2	一　波斯王古列的詔令　一1～4
拉1:5	0	2	二　猶大和便雅憫的宗族首領、祭司、和利未人的回應　一5～6
拉1:7	0	2	三　古列王的合作　一7～11
拉2:1	0	2	四　被擄歸回之人的數目　二1～67
拉2:68	0	2	五　為耶和華的殿甘心奉獻　二68～70
拉3:1	0	2	六　重建神的壇　三1～6上
拉3:6	19	2	七　重建神的殿　三6下～13
拉4:1	0	2	八　破壞　四1～24
拉5:1	0	2	九　因著哈該和撒迦利亞申言的勉勵和幫助，繼續重建之工　五1～2
拉5:3	0	2	十　波斯王大利烏降旨確認　五3～六12
拉6:13	0	2	十一　神殿重建完成　六13～15
拉6:16	0	2	十二　為重建之神殿行奉獻之禮　六16～18
拉6:19	0	2	十三　被擄歸回的子民守逾越節　六19～22
拉7:1	0	1	貳　被擄之人在以斯拉的祭司領導下歸回　七1～十44
拉7:1	0	2	一　被擄之人在以斯拉帶領下歸回　七1～八36
拉7:1	0	3	1　因著以斯拉向王請求而開始歸回　七1～10
拉7:11	0	3	2　波斯王亞達薛西頒給以斯拉的諭旨　七11～28
拉8:1	0	3	3　被擄歸回者家譜的記載　八1～20
拉8:21	0	3	4　在他們離開巴比倫前，以斯拉宣告禁食　八21～23
拉8:24	0	3	5　以斯拉為神殿獻祭的供備　八24～30
拉8:31	0	3	6　被擄歸回之人的行程和到達　八31～34
拉8:35	0	3	7　被擄歸回之人向神獻祭　八35
拉8:36	0	3	8　被擄歸回之人將王的諭旨交給王所派的各總督，與河西的各省長　八36
拉9:1	0	2	二　被擄歸回之人脫離外邦妻子的玷污而潔淨自己　九1～十44
拉9:1	0	3	1　由被擄歸回之人的眾首領所發起　九1～2
拉9:3	0	3	2　以斯拉的反應　九3～15
拉10:1	0	3	3　會眾的反應　十1～5
拉10:6	0	3	4　最後的決定　十6～44
尼1:1	0	1	壹　在尼希米帶領下重建耶路撒冷城　一1～七73
尼1:1	0	2	一　耶路撒冷景況的報告　一1～3
尼1:4	0	2	二　尼希米禁食禱告　一4～11
尼2:1	0	2	三　王施恩應允尼希米　二1～8
尼2:9	0	2	四　尼希米往耶路撒冷的行程與他親身的觀察　二9～16
尼2:17	0	2	五　耶路撒冷城牆的重建　二17～20
尼3:1	0	2	六　城牆建造的記載　三1～32
尼4:1	0	2	七　仇敵的破壞　四1～23
尼5:1	0	2	八　內部問題的解決　五1～19
尼5:1	0	3	1　百姓埋怨貴冑和官長向他們取利　1～5
尼5:6	0	3	2　尼希米的斥責和決斷　6～13
尼5:14	0	3	3　尼希米的好榜樣　14～19
尼6:1	0	2	九　仇敵進一步的破壞 　六1～14
尼6:15	0	2	十　建造的完成　六15～七4
尼7:5	0	2	十一　登記被擄歸回的人，以加增耶路撒冷的人數　七5～73
尼8:1	0	1	貳　神選民的國重新構成　八1～十三31
尼8:1	0	2	一　在以斯拉帶領下重新立約　八1～十39
尼8:1	0	3	1　藉著回到神的律法，就是祂的話，而回到神面前　八1～18
尼9:1	0	3	2　為著已往向神有清楚的認罪，並與神立確實的約　九1～十39
尼11:1	0	2	二　國的重新改組　十一1～十三31
尼11:1	0	3	1　住處的安排和官長的指派　十一1～36
尼12:1	0	3	2　祭司和利未人的記載　十二1～26
尼12:27	0	3	3　為重建的城牆行奉獻之禮 　十二27～43
尼12:44	0	3	4　祭司和利未人服事的指派，並他們需要的供應　十二44～47
尼13:1	0	3	5　在神選民以色列身上所施的清理　十三1～30上
尼13:30	22	3	6　尼希米派定祭司和利未人的職守，派百姓獻木柴和初熟之物　十三30下～31
斯1:1	0	1	壹　隱藏的神祕密照顧那被分散受壓制的選民，如在以斯帖身上所看見的　一1～二23
斯1:1	0	2	一　在外邦世界設立一位頂尖的王　一1～2
斯1:3	0	2	二　使王廢掉他的王后　一3～22
斯2:1	0	2	三　興起一位猶大孤女冊封為后　二1～23
斯3:1	0	1	貳　隱藏的神在隱密中向祂被擄受逼迫的選民所施公開的拯救，如在末底改身上所看見的　三1～十3
斯3:1	0	2	一　哈曼設謀欲滅絕所有在瑪代波斯的猶大人　三1～15
斯4:1	0	2	二　末底改藉以斯帖與王親近並親密的接觸，對抗哈曼的計謀　四1～八2
斯8:3	0	2	三　猶大人公開、凱旋的勝過他們的仇敵─他們隱藏之神公開的拯救　八3～十3
伯1:1	0	1	壹　介言　一1～二10
伯1:1	0	2	一　約伯這人　一1～5
伯1:6	0	2	二　在天上舉行關於約伯的會議　一6～12上
伯1:12	34	2	三　撒但攻擊約伯，約伯乃在家產和兒女的事上受試煉　一12下～22
伯2:1	0	2	四　在天上再舉行關於約伯的會議　二1～6
伯2:7	0	2	五　撒但攻擊約伯，約伯乃在身體上受試煉　二7～10
伯2:11	0	1	貳　約伯與他三友之間的辯論　二11～三二1
伯2:11	0	2	一　約伯三友的來訪與安慰　二11～13
伯3:1	0	2	二　約伯咒詛自己的生日　三1～26
伯4:1	0	2	三　第一回的辯論　四1～十一20
伯4:1	0	3	1　以利法用斥責回答約伯　四1～五27
伯6:1	0	3	2　約伯的表白　六1～七21
伯8:1	0	3	3　比勒達的反駁　八1～22
伯9:1	0	3	4　約伯的不屈服　九1～十22
伯11:1	0	3	5　瑣法盲目的爭論 　十一1～20
伯12:1	0	2	四　第二回的辯論　十二1～二十29
伯12:1	0	3	1　約伯在認識神之事上的優越感　十二1～十三2
伯13:3	0	3	2　約伯控訴他朋友是虛謊的　十三3～19
伯13:20	0	3	3　約伯與神理論　十三20～十四22
伯15:1	0	3	4　以利法的斥責和警告　十五1～35
伯16:1	0	3	5　約伯拒絕他朋友的話　十六1～6
伯16:7	0	3	6　約伯渴望神為他申訴　十六7～十七16
伯18:1	0	3	7　比勒達的斥責和警告　十八1～21
伯19:1	0	3	8　約伯抱怨他朋友錯誤的責備　十九1～5
伯19:6	0	3	9　約伯抱怨神嚴厲的剝奪　十九6～29
伯20:1	0	3	10　瑣法對約伯的忿怒和教訓　二十1～29
伯21:1	0	2	五　第三回的辯論　二一1～三二1
伯21:1	0	3	1　約伯對人生亨通與禍患的結論　二一1～34
伯21:1	0	4	a　約伯平息他朋友的話　1～6
伯21:7	0	4	b　惡人的亨通　7～16
伯21:17	0	4	c　約伯對神報應惡人的問題　17～34
伯22:1	0	3	2　以利法對善惡報應的邏輯　二二1～30
伯23:1	0	3	3　約伯渴望向神陳明他的案件　二三1～17
伯24:1	0	3	4　約伯對神對付各種人的認識　二四1～25
伯25:1	0	3	5　比勒達的結語　二五1～6
伯26:1	0	3	6　約伯對他三友末了的講論　二六1～三二1
伯26:1	0	4	a　譏諷的責備比勒達　二六1～4
伯26:5	0	4	b　炫耀他對神無限能力的超越知識　二六5～14
伯27:1	0	4	c　堅持他的義與純全　二七1～7
伯27:8	0	4	d　高傲的指教他的朋友關於不虔敬之人的指望　二七8～23
伯28:1	0	4	e　炫耀他對尋求智慧與明達之路的高調知識　二八1～28
伯29:1	0	4	f　沉緬於他美好的過去　二九1～25
伯30:1	0	4	g　為他悲慘的現況歎息　三十1～31
伯31:1	0	4	h　誇耀他的正直、公義、純全與完全　三一1～40
伯32:1	0	4	i　約伯的三友不再回答他　三二1
伯32:2	0	1	參　以利戶回答約伯的話　三二2～三七24
伯32:2	0	2	一　他對約伯第一次的改正和反駁　三二2～三三33
伯34:1	0	2	二　他對約伯第二次的改正和反駁　三四1～37
伯35:1	0	2	三　他對約伯第三次的改正和反駁　三五1～16
伯36:1	0	2	四　他對約伯末了的話　三六1～三七24
伯38:1	0	1	肆　神與約伯之間的對話　三八1～四二6
伯38:1	0	2	一　耶和華從旋風中回答約伯　三八1～3，四十1～14
伯38:4	0	2	二　神以神聖的揭示向約伯顯現　三八4～三九30，四十15～四一34
伯38:4	0	3	1　論到宇宙　三八4～38
伯38:39	0	3	2　論到動物　三八39～三九30
伯40:1	0	2	一　耶和華從旋風中回答約伯（續）　四十1～14
伯40:15	0	2	（二　神以神聖的揭示向約伯顯現─續）
伯40:15	0	3	3　再論動物　四十15～四一34
伯42:1	0	2	三　約伯在個人經歷上得著神並厭惡自己　四二1～6
伯42:7	0	1	伍　耶和華對約伯三友的對付　四二7～9
伯42:10	0	1	陸　約伯的結局　四二10～17
詩1:1	0	1	卷一　第一至四十一篇
詩1:1	0	2	指明神的心意是要將尋求的聖徒從律法轉向基督，使他們能享受神的家—召會
詩42:1	0	1	卷二　第四十二至七十二篇
詩42:1	0	2	指明聖徒藉著受苦、被高舉、並掌權的基督，經歷神與祂的家和城
詩73:1	0	1	卷三　第七十三至八十九篇
詩73:1	0	2	指明聖徒在經歷中領悟，神的家和城連同其中一切的享受，惟有藉著神子民正確的珍賞並高舉基督，纔得蒙保守並維持
詩90:1	0	1	卷四　第九十至一百零六篇
詩90:1	0	2	指明聖徒既聯於基督，就與神是一，使神藉著在祂的家和城裏的基督，恢復祂對於地的主權
詩107:1	0	1	卷五　第一百零七至一百五十篇
詩107:1	0	2	指明神的家和城成為聖徒的讚美、安全和願望，並且基督藉著神的家和城—召會，來作王治理全地
箴1:1	0	1	壹　所羅門的論集　一1～二四34
箴1:1	0	2	一　過正確為人生活的原則　一1～九18
箴10:1	0	2	二　智慧行義與愚妄作惡的對比　十1～十九29
箴20:1	0	2	三　警戒與教訓　二十1～二四34
箴25:1	0	1	貳　希西家的輯錄─警戒與教訓　二五1～二九27
箴30:1	0	1	參　亞古珥的話─一般智慧的話　三十1～33
箴31:1	0	1	肆　利慕伊勒王的話　三一1～31
傳1:1	0	1	壹　開頭的話　一1～11
傳1:12	0	1	貳　著者的實驗　一12～六12
傳1:12	0	2	一　在智慧和知識上　一12～18
傳2:1	0	2	二　在享樂上　二1～11
傳2:12	0	2	三　在作智慧人或愚昧人上　二12～26
傳3:1	0	2	四　在神主宰權能之命定上　三1～15
傳3:16	0	2	五　在人類社會之地位和階級上　三16～四16
傳5:1	0	2	六　在接觸神上　五1～7
傳5:8	0	2	七　在各種例證上　五8～六12
傳7:1	0	1	參　著者的查考和試驗　七1～十二12
傳7:1	0	2	一　智慧的話　七1～十一8
傳11:9	0	2	二　對少年人的勸告　十一9～十二1
傳12:2	0	2	三　老年人悲哀的描繪　十二2～8
傳12:9	0	2	四　智慧的話（續）　十二9～12
傳12:13	0	1	肆　結語　十二13～14
歌1:2	0	1	壹　受吸引追求基督以得滿足　一2～二7
歌1:2	0	2	一　受吸引快跑跟隨基督　一2～4上
歌1:4	15	2	二　與基督交通，以致進入召會生活　一4下～8
歌1:9	0	2	三　被那靈重造而變化　一9～16上，二1～3上
歌1:16	17	2	四　因在基督裏的安息與享受而滿足　一16下～17，二3下～7
歌2:1	0	2	三　被那靈重造而變化（續）　二1～3上
歌2:3	19	2	四　因在基督裏的安息與享受而滿足（續）　二3下～7
歌2:8	0	1	貳　蒙呼召藉與十字架合一脫離己　二8～三5
歌2:8	0	2	一　藉著與基督交通所顯之基督復活大能　二8～9
歌2:10	0	2	二　被懇求與得鼓勵　二10～13
歌2:14	0	2	三　蒙呼召與十字架合一　二14～15
歌2:16	0	2	四　佳偶的拒絕和失敗　二16～三1
歌3:2	0	2	五　佳偶的醒悟和恢復　三2～4
歌3:5	0	2	六　基督對愛管閒事之信徒的囑咐　三5
歌3:6	0	1	參　蒙呼召活在升天裏，作復活裏的新造　三6～五1
歌3:6	0	2	一　新造　三6～四6
歌3:6	0	3	1　藉著佳偶與基督完全的聯合　三6～11
歌4:1	0	3	2　作新造之佳偶（新婦）的美麗　四1～5
歌4:6	0	3	3　女子更深的追求　四6
歌4:7	0	2	二　蒙呼召活在升天裏　四7～15
歌4:7	0	3	1　主的呼召　7～8
歌4:9	0	3	2　女子無聲的回應　9
歌4:10	0	3	3　主對女子私有的享受　10～15
歌4:16	0	2	三　過愛的生活　四16～五1
歌4:16	0	3	1　新婦的回應　四16
歌5:1	0	3	2　良人的回應　五1
歌5:2	0	1	肆　蒙更厲害的呼召，藉復活後的十字架，在幔內生活　五2～六13
歌5:2	0	2	一　復活後十字架更厲害的呼召與女子的失敗　五2～六3
歌5:2	0	3	1　良人的呼召　五2
歌5:3	0	3	2　女子的拒絕　五3
歌5:4	0	3	3　女子的開門　五4～5
歌5:6	0	3	4　良人的隱藏　五6
歌5:7	0	3	5　女子的受傷　五7
歌5:8	0	3	6　女子求助於普通信徒　五8
歌5:9	0	3	7　對女子的第一個問題　五9
歌5:10	0	3	8　女子對她良人的印象　五10～16
歌6:1	0	3	9　對女子的第二個問題　六1
歌6:2	0	3	10　女子的答覆　六2～3
歌6:4	0	2	二　幔內的生活　六4～13
歌6:4	0	3	1　良人的稱讚　4～10
歌6:11	0	3	2　佳偶的工作　11
歌6:12	0	3	3　佳偶的進步與得勝　12～13
歌7:1	0	1	伍　分擔主的工作　七1～13
歌7:1	0	2	一　得裝備作主工作中的工人　1～9上
歌7:1	0	3	1　那靈追述佳偶的美德　1～5
歌7:6	0	3	2　良人插入稱讚的話　6～9上
歌7:9	9	2	二　與她的良人同工　9下～13
歌8:1	0	1	陸　盼望被提　八1～14
歌8:1	0	2	一　為她的肉體歎息　1
歌8:2	0	2	二　盼望蒙拯救脫離肉體的歎息，指明她盼望被提　2～4
歌8:5	0	2	三　被提之前　5～14
賽1:1	0	1	壹　耶和華對祂所愛子民及列國的救恩　一1～十二6
賽1:1	0	2	一　為父的耶和華對祂兒女以色列的抱怨、懲治、愛的勸勉與應許　一1～五30
賽2:2	0	2	（以色列國的復興　二2～5）
賽2:7	0	2	（耶和華使高傲的列國受屈辱的審判　二7～22）
賽4:2	0	2	（神人基督的引進，帶來以色列國的復興　四2～6）
賽6:1	0	2	二　在榮耀裏之基督的異象　六1～7
賽6:8	0	2	三　基督給以賽亞警戒的使命　六8～13
賽7:1	0	2	四　神對付猶大王亞哈斯的不信　七1～八8
賽8:9	0	2	五　基督為以馬內利　八9～22
賽9:1	0	2	六　基督為大光和奇妙者的揭示，出自耶和華對以色列國的懲治和對亞述的審判　九1～十34
賽9:1	0	3	1　基督為大光的揭示　九1～5
賽9:6	0	3	2　基督為奇妙者的揭示　九6～7
賽9:8	0	3	3　耶和華對以色列國的懲治　九8～十4
賽10:5	0	3	4　耶和華對亞述的審判　十5～34
賽11:1	0	2	七　藉著基督所帶進的復興　十一1～16
賽12:1	0	2	八　為耶和華所愛之子民享受的救恩　十二1～6
賽13:1	0	1	貳　耶和華對列國的審判，揭示撒但與列國合一，顯示耶和華對列國主宰的管治，裨益耶和華所愛的以色列，並供備奇妙的基督作救主，以應付蒙愛之以色列和受審判之列國的需要　十三1～二三18
賽13:1	0	2	一　耶和華的審判─巴比倫因殘暴的毀滅多國而遭毀滅　十三1～十四23
賽14:12	0	2	（耶和華的審判，揭示列國背後撒但黑暗的國度，並撒但與列國權勢的一　十四12～15）
賽14:24	0	2	二　耶和華的審判─亞述因加於以色列之軛與重擔而遭擊破　十四24～27
賽14:28	0	2	三　耶和華的審判─非利士因損毀錫安而遭毀滅 　十四28～32
賽15:1	0	2	四　耶和華的審判─摩押因其驕傲而遭毀壞　十五1～十六14
賽17:1	0	2	五　耶和華的審判─大馬色因侵略以色列，而遭毀壞與撇棄　十七1～十八7
賽19:1	0	2	六　耶和華的審判─埃及因其偶像與智慧人，而遭擊打以致荒涼　十九1～25
賽20:1	0	2	七　耶和華的審判─因古實成了以色列所仰望的，埃及成了以色列所誇耀的，以致埃及被擄，古實被遷徙　二十1～6
賽21:1	0	2	八　耶和華的審判─巴比倫因其偶像而遭毀滅　二一1～10
賽21:11	0	2	九　耶和華不審判度瑪　二一11～12
賽21:13	0	2	十　耶和華的審判─亞拉伯因其好戰而遭戰爭的重災，以致荒涼　二一13～17
賽22:1	0	2	十一　耶和華的審判─耶路撒冷城（異象谷）因不可赦的罪孽而遭踐踏　二二1～25
賽22:20	0	2	（基督─作耶路撒冷居民和猶大家的父，並釘在堅固處的釘子，成為祂父家榮耀的寶座　二二20～25）
賽23:1	0	2	十二　耶和華的審判─推羅因其一切美麗與其所有尊貴人的驕傲，而被亞述人毀滅　二三1～18
賽24:1	0	1	參　耶和華對付祂所愛的以色列，使以色列得復興且歸回神，並引進基督同著萬物的復興　二四1～三五10
賽24:1	0	2	一　耶和華對以色列墮落的反應，並對列國在以色列身上過度行動的反應，使以色列轉向耶和華，且回到聖地，得著復興　二四1～二七13
賽28:1	0	2	二　耶和華懲罰以法蓮的酒徒，帶進耶和華的復興，並引進可靠的基督　二八1～29
賽29:1	0	2	三　耶和華審判耶路撒冷敬拜者的虛偽，帶進復興　二九1～24
賽30:1	0	2	四　耶和華因以色列倚靠埃及的對付，並對列國的對付，使以色列轉向祂，並使祂帶著復興歸回以色列　三十1～三一9
賽32:1	0	2	五　耶和華毀滅列國，使基督作王，以帶進以色列的復興　三二1～三五10
賽36:1	0	1	肆　尋求並信靠耶和華的實例　三六1～三九8
賽36:1	0	2	一　希西家為其處境尋求耶和華　三六1～三七38
賽38:1	0	2	二　希西家為其健康尋求耶和華　三八1～22
賽39:1	0	2	三　希西家因享太平和健康而失敗　三九1～8
賽40:1	0	1	伍　耶和華的僕人以及祂給以色列和列國所帶來的救恩，連同萬物的復興，終極完成於新天新地　四十1～六六24
賽40:1	0	2	一　耶和華對以色列安慰的話　四十1～31
賽41:1	0	2	二　基督為耶和華的僕人　四一1～六六24
賽41:1	0	3	1　如波斯王古列與以色列所豫表的　四一1～29
賽42:1	0	3	2　為眾民的約並外邦人的光　四二1～25
賽43:1	0	3	3　如古列所豫表的，作耶和華的牧人並成就耶和華所喜悅的　四三1～四五25
賽43:1	0	4	a　耶和華對以色列安慰與鼓勵的話　四三1～28
賽44:1	0	4	b　耶和華對祂僕人以色列牧養的話　四四1～28
賽45:1	0	4	c　耶和華的僕人和見證人　四五1～25
賽46:1	0	3	4　如古列所豫表的，釋放耶和華所愛之被擄的以色列脫離巴比倫　四六1～四八22
賽49:1	0	3	5　如耶和華之申言者以賽亞所豫表的，為眾民的約，復興遍地　四九1～五十11
賽49:1	0	4	a　耶和華僕人的三個身位　四九1～9上
賽49:9	26	4	b　被擄者蒙福的歸回　四九9下～13
賽49:14	0	4	c　耶和華如何寶愛錫安　四九14～21
賽49:22	0	4	d　耶和華向列國舉手，向萬民豎立旌旗，好聚集錫安四散的俘虜　四九22～26
賽50:1	0	4	e　錫安被棄的原因　五十1～3
賽50:4	0	4	f　耶和華的僕人（以賽亞，豫表基督）所領受的教誨，並他所過的生活　五十4～9
賽50:10	0	4	g　敬畏耶和華並聽從祂僕人聲音者，如何行在暗中而有亮光　五十10～11
賽51:1	0	3	6　關於耶和華對祂所愛之以色列愛的對付　五一1～五二12
賽51:1	0	4	a　耶和華對以色列的呼召　五一1～3
賽51:4	0	4	b　耶和華為著以色列的公義與救恩　五一4～8
賽51:9	0	4	c　耶和華為著以色列的膀臂　五一9～16
賽51:17	0	4	d　耶和華對耶路撒冷的鼓勵　五一17～23
賽52:1	0	4	e　耶和華對錫安的鼓勵　五二1～6
賽52:7	0	4	f　耶和華為著錫安和耶路撒冷的好信息　五二7～10
賽52:11	0	4	g　耶和華吩咐以色列離開巴比倫　五二11～12
賽52:13	0	3	7　基督作為耶和華僕人的亨通，與以色列從被擄歸回並復興的關係　五二13～15
賽53:1	0	3	8　基督藉祂代替的死並繁增的復活所完成大能的救贖，與祂作以色列安全之約的關係　五三1～五四17
賽53:1	0	4	a　基督藉祂代替的死並繁增的復活所完成大能的救贖　五三1～12
賽54:1	0	4	b　作以色列安全的約　五四1～17
賽55:1	0	3	9　基督是給以色列之永約，乃向大衛所顯之確定憐憫，其與以色列亨通的關係　五五1～五六12
賽55:1	0	4	a　基督是給以色列之神聖供備的中心　五五1～5
賽55:6	0	4	b　尋找耶和華並轉向祂和祂的話　五五6～13
賽56:1	0	4	c　守公平並行公義，就得亨通且蒙耶和華悅納　五六1～8
賽56:9	0	4	d　責備瞎眼的守望者與利己的牧人　五六9～12
賽57:1	0	3	10　與耶和華僕人基督無關的雅各家，其惡人邪惡的光景和需要　五七1～五八14
賽57:1	0	4	a　義人和敬虔人死去倒好，使他們從惡人分別出來　五七1～2
賽57:3	0	4	b　雅各家的惡人所行的惡事　五七3～10
賽57:11	0	4	c　雅各家的惡人不記念耶和華，也不懼怕祂　五七11～13上
賽57:13	40	4	d　耶和華賜福與投靠祂者　五七13下～21
賽58:1	0	4	e　雅各家的假冒為善　五八1～9上
賽58:9	26	4	f　耶和華對雅各家的訓誨　五八9下～14
賽59:1	0	3	11　作救贖主拯救雅各脫離他們的罪和罪孽，並成為以色列的光和榮耀，直到永遠　五九1～六十22
賽59:1	0	4	a　耶和華的手臂並非縮短不能拯救　五九1～2
賽59:3	0	4	b　雅各的罪和罪孽　五九3～8
賽59:9	0	4	c　雅各的罪和罪孽的結果　五九9～15上
賽59:15	16	4	d　耶和華向著雅各拯救的膀臂（基督作為耶和華的僕人有耶和華的大能）　五九15下～21
賽60:1	0	4	e　基督作為耶和華的僕人，成為以色列的光和榮耀，直到永遠　六十1～22
賽61:1	0	3	12　耶和華的受膏者基督作為耶和華的僕人，其職事帶進以色列的復興　六一1～六三19
賽61:1	0	4	a　耶和華受膏者的職事　六一1～3
賽61:4	0	4	b　以色列的復興　六一4～六三19
賽64:1	0	3	13　作耶和華僕人之基督的再來，帶進以色列並萬物的復興，終極完成於新天新地　六四1～六六24
耶1:1	0	1	壹　耶利米的蒙召與使命　一1～19
耶1:1	0	2	一　介言　1～3
耶1:4	0	2	二　耶利米的蒙召　4～8
耶1:9	0	2	三　耶利米的使命　9～19
耶2:1	0	1	貳　以色列干犯耶和華的罪，與耶和華對以色列的懲罰　二1～四五5
耶2:1	0	2	一　以色列的兩件惡事─離棄耶和華這活水的泉源，為自己鑿出破裂的池子　二1～三5
耶3:6	0	2	二　以色列的回轉，或耶和華對她背道的管教　三6～四31
耶3:6	0	3	1　作妻子之以色列的背道　三6～11
耶3:12	0	3	2　作妻子之以色列的回轉─作丈夫之耶和華愛的懇求　三12～四2
耶4:3	0	3	3　作丈夫之耶和華的管教　四3～31
耶5:1	0	2	三　作丈夫的耶和華進一步抱怨作妻子的以色列（事實上是猶大）邪惡之細節　五1～31
耶6:1	0	2	四　作丈夫的耶和華管教妻子的決心　六1～30
耶7:1	0	2	五　以色列（事實上是猶大）對耶和華的虛偽敬拜　七1～十25
耶11:1	0	2	六　以色列（事實上是猶大）破壞耶和華的約　十一1～十三27
耶14:1	0	2	七　耶和華以乾旱之災懲罰以色列（事實上是猶大）　十四1～十五9
耶14:1	0	3	1　耶和華論乾旱的信息　十四1～6
耶14:7	0	3	2　申言者耶利米的代求　十四7～十五9
耶14:7	0	4	a　他的代求　十四7～9
耶14:10	0	4	b　耶和華的拒絕　十四10～12
耶14:13	0	4	c　申言者關乎假申言者的禱告與耶和華的答覆　十四13～16
耶14:17	0	4	d　申言者的反應，他與施懲罰的耶和華乃是一　十四17～18
耶14:19	0	4	e　申言者進一步的代求　十四19～22
耶15:1	0	4	f　耶和華的答覆　十五1～4
耶15:5	0	4	g　施懲罰的耶和華為祂受懲罰的百姓歎息　十五5～9
耶15:10	0	2	八　耶和華給耶利米進一步的使命　十五10～十六9
耶16:10	0	2	九　耶和華進一步陳述猶大（就是以色列）的罪　十六10～十七27
耶18:1	0	2	十　耶和華是窯匠，以色列是陶器　十八1～二十18
耶18:1	0	3	1　耶和華是主宰的窯匠　十八1～10
耶18:11	0	3	2　以色列邪惡的光景　十八11～23
耶19:1	0	3	3　以色列如窯匠的瓦瓶，要被打碎　十九1～13
耶19:14	0	3	4　耶利米重複關於以色列的豫言　十九14～15
耶20:1	0	3	5　以色列對耶利米的逼迫　二十1～2，7～10
耶20:3	0	3	6　耶和華對以色列的對付　二十3～6
耶20:7	0	3	5　以色列對耶利米的逼迫（續）　二十7～10
耶20:11	0	3	7　耶利米對以色列的指控　二十11～13
耶20:14	0	3	8　耶利米咒詛自己的生日　二十14～18
耶21:1	0	2	十一　耶和華對猶大諸王同其百姓的定罪與懲罰　二一1～二三8
耶23:3	0	2	（耶和華應許以色列必得復興　二三3～8）
耶23:9	0	2	十二　耶和華對猶大眾申言者同其祭司與百姓的定罪和懲罰　二三9～40
耶24:1	0	2	十三　猶大的被擄　二四1～二五38
耶24:1	0	3	1　耶利米之兩筐無花果的異象　二四1～10
耶25:1	0	3	2　耶利米關乎猶大眾民的豫言　二五1～38
耶26:1	0	2	十四　猶大對耶利米的反應　二六1～24
耶27:1	0	2	十五　耶利米的真豫言與其他人的假豫言相對　二七1～二九32
耶27:1	0	3	1　關於尼布甲尼撒作為以色列同其周圍列國的繩索與軛　二七1～15
耶27:16	0	3	2　關於帶回耶和華殿中的器皿　二七16～22
耶28:1	0	3	3　關於折斷巴比倫王尼布甲尼撒的軛，與帶回耶和華殿中的器皿和一切從猶大被遷徙至巴比倫的人　二八1～17
耶29:1	0	3	4　關於在巴比倫的俘虜與那些留在猶大之人的命運　二九1～32
耶30:1	0	2	十六　耶和華關乎以色列復興的應許　三十1～三三26
耶30:1	0	3	1　耶和華使被擄的以色列和猶大回轉，並在懲治他們之後，把他們帶回美地　三十1～三一40
耶32:1	0	3	2　耶利米被西底家囚禁並定罪　三二1～5
耶32:6	0	3	3　耶利米買下在亞拿突的地　三二6～15
耶32:16	0	3	4　耶利米為那地與耶和華辦交涉　三二16～25
耶32:26	0	3	5　耶和華給耶利米的答覆　三二26～44
耶33:1	0	3	6　耶和華的話，再確認祂關乎以色列復興的應許　三三1～26
耶34:1	0	2	十七　以色列在他們犯罪干犯耶和華上的頑梗與耶利米在他為耶和華說話上的堅定　三四1～四五5
耶34:1	0	3	1　耶路撒冷陷落前　三四1～三八28
耶34:1	0	4	a　尼布甲尼撒的入侵與西底家的命運　三四1～7
耶34:8	0	4	b　西底家在遵守神誡命上的不誠實與耶和華的懲罰　三四8～22
耶35:1	0	4	c　利甲族人的例子　三五1～19
耶36:1	0	4	d　約雅敬在焚燒耶利米豫言書這事上的頑梗與耶和華的懲罰　三六1～32
耶37:1	0	4	e　耶利米第一步被囚　三七1～21
耶38:1	0	4	f　耶利米第二步被囚　三八1～28
耶39:1	0	3	2　耶路撒冷陷落時　三九1～10
耶39:1	0	4	a　耶路撒冷被攻取　1～3
耶39:4	0	4	b　對西底家的懲罰　4～10
耶39:11	0	3	3　耶路撒冷陷落後─耶利米從王的護衛兵院得釋放　三九11～14
耶39:15	0	3	4　耶路撒冷陷落前─以伯米勒的命運　三九15～18
耶40:1	0	3	5　耶路撒冷陷落後　四十1～四四30
耶40:1	0	4	a　耶利米從被遷徙的人中得釋放脫離鎖鍊　四十1～6
耶40:7	0	4	b　猶大遺民從基大利到約哈難的歷史　四十7～四四30
耶40:7	0	5	（一）　猶大遺民聚歸基大利　四十7～12
耶40:13	0	5	（二）　基大利被殺　四十13～四一10
耶41:11	0	5	（三）　約哈難勝過以實瑪利　四一11～15
耶41:16	0	5	（四）　約哈難與猶大遺民的去向　四一16～18
耶42:1	0	5	（五）　遺民與首領在央求耶利米為他們禱告的事上不誠實　四二1～四三7
耶43:8	0	5	（六）　耶和華藉耶利米論到猶大遺民在埃及之命運的話　四三8～四四14
耶44:15	0	5	（七）　大批群眾與申言者耶利米之間的爭論　四四15～30
耶45:1	0	3	6　耶路撒冷陷落前─耶和華對巴錄的話　四五1～5
耶46:1	0	1	參　耶和華對與神選民以色列有關之列國的懲罰與審判　四六1～五一64
耶46:2	0	2	一　對埃及　四六2～26
耶46:27	0	2	（安慰以色列的話　四六27～28）
耶47:1	0	2	二　對非利士人　四七1～7
耶48:1	0	2	三　對摩押　四八1～47
耶49:1	0	2	四　對亞捫人　四九1～6
耶49:7	0	2	五　對以東　四九7～22
耶49:23	0	2	六　對大馬色　四九23～27
耶49:28	0	2	七　對基達和夏瑣的諸國　四九28～33
耶49:34	0	2	八　對以攔　四九34～39
耶50:1	0	2	九　對巴比倫　五十1～五一64
耶52:1	0	1	肆　被擄歷史的補充　五二1～34
耶52:1	0	2	一　耶路撒冷被攻陷　1～16
耶52:17	0	2	二　聖殿被劫掠　17～23
耶52:24	0	2	三　猶大人被遷徙　24～27
耶52:28	0	2	四　尼布甲尼撒從猶大所遷徙的人數　28～30
耶52:31	0	2	五　猶大王約雅斤被高抬　31～34
哀1:1	0	1	壹　第一首哀歌─為聖城荒涼哀悼的歌　一1～22
哀1:1	0	2	一　她的困境　1～11
哀1:12	0	2	二　她向過路人哀求同情　12～19
哀1:20	0	2	三　她向耶和華的禱告　20～22
哀2:1	0	1	貳　第二首哀歌─為聖城被毀哀悼的歌　二1～22
哀2:1	0	2	一　主耶和華對聖城的毀壞　1～10
哀2:11	0	2	二　申言者的哀哭　11～19
哀2:20	0	2	三　她向耶和華的禱告　20～22
哀3:1	0	1	參　第三首哀歌─為那與受懲罰的百姓聯合為一而受困苦的申言者哀悼的歌　三1～66
哀3:1	0	2	一　申言者（代表他百姓）的困苦　1～20
哀3:21	0	2	二　申言者（代表他百姓）的盼望　21～39
哀3:40	0	2	三　申言者向他百姓的要求　40～54
哀3:55	0	2	四　申言者（代表他百姓）向耶和華的禱告　55～66
哀4:1	0	1	肆　第四首哀歌─為受懲罰的百姓哀悼的歌　四1～22
哀4:1	0	2	一　他們被圍困時缺食的困苦　1～10
哀4:11	0	2	二　被耶和華所發烈怒燒燬　11～20
哀4:21	0	2	三　他們將來的盼望　21～22
哀5:1	0	1	伍　第五首哀歌─為聖民禱告的哀歌，是第四首哀歌的結語　五1～22
結1:1	0	1	壹　引言　一1～3
結1:4	0	1	貳　耶和華之榮耀顯現的異象，為著祂的彰顯、行動和行政　一4～28
結1:4	0	2	一　風雲火金　4
結1:5	0	2	二　四活物　5～14
結1:15	0	2	三　高而可畏的輪子　15～21
結1:22	0	2	四　看著像可畏水晶的穹蒼　22～25
結1:26	0	2	五　在寶座上的人　26～28
結2:1	0	1	參　神作為烈火，審判自己的百姓和外邦列國　二1～三二32
結2:1	0	2	一　神審判墮落的以色列人　二1～二四27
結2:1	0	3	1　以西結的呼召和託付　二1～三27
結4:1	0	3	2　審判耶路撒冷　四1～五17
結6:1	0	3	3　審判以色列地　六1～七27
結8:1	0	3	4　耶和華的榮耀離開　八1～十一25
結12:1	0	3	5　神堅定審判的豫言　十二1～二四27
結12:1	0	4	a　藉著以西結作羞辱的兆頭　十二1～28
結12:1	0	5	（一）　以西結的物件　1～16
結12:17	0	5	（二）　以西結的戰兢　17～28
結13:1	0	4	b　責備假申言者　十三1～23
結14:1	0	4	c　責備拜偶像的長老　十四1～23
結15:1	0	4	d　責備耶路撒冷的居民如同葡萄樹　十五1～8
結16:1	0	4	e　責備耶路撒冷如同犯姦淫的妻子　十六1～63
結17:1	0	4	f　藉著二鷹與一棵葡萄樹的比喻　十七1～24
結18:1	0	4	g　責備酸葡萄的俗語　十八1～32
結19:1	0	4	h　藉著以西結為以色列的首領舉哀　十九1～14
結20:1	0	4	i　藉著耶和華對長老們求問耶和華的回應　二十1～44
結20:45	0	4	j　藉著樹林烈火的比喻　二十45～49
結21:1	0	4	k　憑耶和華的刀攻擊聖所和以色列地　二一1～32
結22:1	0	4	l　藉著以西結宣告耶路撒冷的可憎之事　二二1～16
結22:17	0	4	m　責備耶路撒冷如同鎔爐　二二17～22
結22:23	0	4	n　責備以色列人中間各種的人　二二23～31
結23:1	0	4	o　責備耶路撒冷和撒瑪利亞如同兩個犯姦淫的姊妹　二三1～49
結24:1	0	4	p　藉著燒開的鍋的比喻　二四1～14
結24:15	0	4	q　藉著以西結在喪妻的事上再次作羞辱的兆頭　二四15～27
結25:1	0	2	二　神對外邦列國的審判　二五1～三二32
結25:1	0	3	1　審判亞捫　二五1～7
結25:8	0	3	2　審判摩押　二五8～11
結25:12	0	3	3　審判以東　二五12～14
結25:15	0	3	4　審判非利士　二五15～17
結26:1	0	3	5　審判推羅　二六1～二八19
結28:20	0	3	6　審判西頓　二八20～26
結29:1	0	3	7　審判埃及　二九1～三二32
結33:1	0	1	肆　神藉生命恢復祂的百姓　三三1～三九29
結33:1	0	2	一　設立守望者　三三1～三四10
結34:11	0	2	二　來作牧人　三四11～31
結35:1	0	2	三　進一步審判以東　三五1～15
結36:1	0	2	四　恢復美地　三六1～21
結36:22	0	2	五　內在的恢復　三六22～33
結36:34	0	2	六　使那地成如伊甸園　三六34～36
結36:37	0	2	七　加增以色列家的人數，多如羊群　三六37～38
結37:1	0	2	八　枯乾骸骨與兩根木杖的異象，表明神子民的重生與更新　三七1～28
結37:1	0	3	1　枯死離散的骸骨形成軍隊　1～14
結37:15	0	3	2　兩根木杖接連，為著建造神的家　15～28
結38:1	0	2	九　進一步審判以色列的仇敵─歌革和瑪各　三八1～三九29
結40:1	0	1	伍　神聖別建造的異象　四十1～四八35
結40:1	0	2	一　時間與地點　四十1～2
結40:3	0	2	二　人的異象　四十3
結40:4	0	2	三　聖殿的異象　四十4～四四31
結40:4	0	3	1　外院　四十4～27
結40:28	0	3	2　內院　四十28～47
結40:48	0	3	3　殿　四十48～四一26
結42:1	0	3	4　祭司喫至聖之物的聖屋　四二1～14
結42:15	0	3	5　殿四圍之地　四二15～20
結43:1	0	3	6　神的榮耀回到殿中　四三1～12
結43:13	0	3	7　祭壇　四三13～27
結44:1	0	3	8　耶和華殿中的事奉　四四1～31
結45:1	0	2	四　給耶和華的供物　四五1～四六24
結45:1	0	3	1　獻為聖別舉祭之地　四五1～8
結45:9	0	3	2　以色列王和百姓的供物　四五9～四六24
結47:1	0	2	五　聖地與聖城　四七1～四八35
結47:1	0	3	1　水從殿中流出的異象　四七1～12
結47:13	0	3	2　地的境界　四七13～23
結48:1	0	3	3　地的分配　四八1～35
但1:1	0	1	壹　神選民墮落的結果─被擄到巴比倫　一1～2
但1:3	0	1	貳　神墮落的選民中年輕的後裔（包括但以理，）在被擄之中，勝過撒但進一步的詭計　一3～六28
但1:3	0	2	一　勝過屬鬼的飲食　一3～21
但2:1	0	2	二　勝過那阻止人看見尼布甲尼撒夢中大人像（全人類歷史中人類政權的總和）之鬼魔的蒙蔽　二1～49
但2:1	0	3	1　尼布甲尼撒的奇夢　1～13
但2:14	0	3	2　但以理從神所得關於尼布甲尼撒之夢的異象　14～45
但2:14	0	4	a　神給但以理的異象　14～23
但2:24	0	4	b　但以理對尼布甲尼撒之夢的講解　24～45
但2:24	0	5	（一）　但以理高舉神　24～30
但2:31	0	5	（二）　尼布甲尼撒之夢的內容─大人像及其定命　31～45
但2:46	0	3	3　尼布甲尼撒尊崇但以理　46～49
但3:1	0	2	三　勝過拜偶像的引誘　三1～30
但4:1	0	2	四　勝過那攔阻人看見諸天之神的諸天掌權的遮蔽　四1～37
但4:1	0	3	1　尼布甲尼撒對神的讚美　1～3
但4:4	0	3	2　尼布甲尼撒的見證　4～18
但4:19	0	3	3　但以理對尼布甲尼撒之夢的講解　19～26
但4:27	0	3	4　但以理對尼布甲尼撒的諫言　27
但4:28	0	3	5　夢的應驗臨到尼布甲尼撒　28～33
但4:34	0	3	6　尼布甲尼撒回復正常以及他的見證　34～37
但5:1	0	2	五　勝過對在神面前荒淫放蕩，褻瀆神的聖別之結果的無知　五1～31
但5:1	0	3	1　伯沙撒在神面前荒淫放蕩，褻瀆神的聖別　1～4
但5:5	0	3	2　神差來的手所寫的字　5～9
但5:10	0	3	3　但以理講解牆上的文字　10～29
但5:30	0	3	4　伯沙撒的結局　30～31
但6:1	0	2	六　勝過那禁止得勝者忠信敬拜神的詭計　六1～28
但6:1	0	3	1　但以理，就是在瑪代波斯被擄之神選民中的得勝者之一，得了高舉　1～3
但6:4	0	3	2　撒但對但以理敬拜神的狡猾攻擊　4～9
但6:10	0	3	3　但以理在敬拜神的事上忠信　10
但6:11	0	3	4　反對者的控告　11～15
但6:16	0	3	5　但以理遭受逼迫　16～18
但6:19	0	3	6　神對但以理的拯救　19～24
但6:25	0	3	7　神在地上得敬拜的事上，勝過了撒但　25～28
但7:1	0	1	參　得勝之但以理的異象　七1～十二13
但7:1	0	2	一　關於從地中海出來的四個獸　七1～28
但7:1	0	3	1　見異象之年（約在主前五五五年）　1
但7:2	0	3	2　從地中海出來的四個獸　2～8，11～12
但7:9	0	3	3　神和祂宇宙的權柄　9～10
但7:11	0	3	2　從地中海出來的四個獸（續）　11～12
但7:13	0	3	4　人子─基督─的來臨　13～14
但7:15	0	3	5　異象的講解　15～28
但8:1	0	2	二　關於公綿羊和公山羊及其繼承者─波斯和希臘　八1～27
但8:1	0	3	1　見異象之年（約在主前五五三年）　1
但8:2	0	3	2　見異象之地　2
但8:3	0	3	3　關於公綿羊和公山羊及其繼承者的異象　3～14
但8:15	0	3	4　異象的講解　15～27
但9:1	0	2	三　關於在所截定的七十個七中的以色列　九1～27
但9:1	0	3	1　見異象之年（約在主前五三八年）　1～2上
但9:2	9	3	2　見異象之原因　2下
但9:3	0	3	3　得異象之路　3～23
但9:24	0	3	4　異象之內容─七十個七　24～27
但10:1	0	2	四　關於以色列的定命　十1～十二13
但10:1	0	3	1　見異象之年（約在主前五三四年）　十1上
但10:1	25	3	2　異象之主題－極大的困苦　十1下
但10:2	0	3	3　解開異象之前宇宙中的景象─物質世界背後的屬靈世界　十2～十一1
但10:2	0	4	a　但以理，一個地上的人，定意要明白以色列的將來　十2～3
但10:4	0	4	b　超越的基督，就是神在地上行動的中心與普及，向但以理顯現　十4～9
但10:10	0	4	c　波斯國的魔君阻擋受差遣的天使，米迦勒來幫助他　十10～17
但10:18	0	4	d　天使回去與波斯的魔君爭戰，希臘的魔君快要來到　十18～21
但11:1	0	4	e　天使起來扶助大利烏，使他堅強　十一1
但11:2	0	3	4　異象之內容─關於以色列的定命　十一2～十二13
但11:2	0	4	a　與南方王（埃及）和北方王（敘利亞）有關　十一2～45
但12:1	0	4	b　與天使長米迦勒為以色列站住的事有關　十二1～13
何1:1	0	1	壹　介言　一1
何1:2	0	1	貳　淫亂的妻子　一2～三5
何1:2	0	2	一　申言者何西阿娶淫婦為妻　一2～9
何1:10	0	2	二　復興的應許　一10～二1
何2:2	0	2	三　申言者何西阿之妻的淫亂　二2～13
何2:14	0	2	四　耶和華復興邪淫背道的以色列　二14～23
何3:1	0	2	五　神信實復興以色列的證實　三1～5
何4:1	0	1	參　背道的子民　四1～十三16
何4:1	0	2	一　以色列的罪與耶和華的懲罰　四1～五14，六4～10
何4:1	0	3	1　關於一般的百姓　四1～3
何4:4	0	3	2　關於祭司　四4～10
何4:11	0	3	3　關於淫亂、酒和姦淫　四11～14
何4:15	0	3	4　關於以色列的頑梗　四15～19
何5:1	0	3	5　主要關於眾祭司、王家和首領　五1～14，六4～10
何5:15	0	2	二　背道子民的歸回　五15～六3，11
何6:4	0	3	5　主要關於眾祭司、王家和首領（續）　六4～10
何6:11	0	2	二　背道子民的歸回（續）　六11
何7:1	0	2	三　以色列棄絕耶和華的罪　七1～16
何8:1	0	2	四　耶和華因以色列棄絕祂而懲罰他們　八1～14
何9:1	0	2	五　以色列拜偶像干犯耶和華，以及耶和華對以色列的懲罰　九1～十15
何11:1	0	2	六　耶和華不變的愛征服以色列的頑梗不貞　十一1～十三16
何14:1	0	1	肆　以色列的復興　十四1～9
珥1:1	0	1	壹　介言　一1
珥1:2	0	1	貳　蝗蟲（列國）的災害　一2～二11
珥2:12	0	1	參　耶和華轉向祂的選民以色列　二12～32
珥3:1	0	1	肆　基督對列國的審判─對活人的審判　三1～15
珥3:16	0	1	伍　基督勝過列國並在以色列中間掌權　三16～21
摩1:1	0	1	壹　介言　一1～2
摩1:3	0	1	貳　耶和華對四圍列國的審判　一3～二3
摩1:3	0	2	一　對大馬色的審判　一3～5
摩1:6	0	2	二　對迦薩的審判　一6～8
摩1:9	0	2	三　對推羅的審判　一9～10
摩1:11	0	2	四　對以東的審判　一11～12
摩1:13	0	2	五　對亞捫的審判　一13～15
摩2:1	0	2	六　對摩押的審判　二1～3
摩2:4	0	1	參　耶和華對猶大和以色列的審判　二4～16
摩2:4	0	2	一　對猶大的審判　4～5
摩2:6	0	2	二　對以色列的審判　6～16
摩3:1	0	1	肆　耶和華與雅各家的爭辯　三1～九10
摩3:1	0	2	一　耶和華對以色列的三次責備　三1～五27
摩3:1	0	3	1　第一次責備　三1～15
摩4:1	0	3	2　第二次責備　四1～13
摩5:1	0	3	3　第三次責備　五1～27
摩6:1	0	2	二　阿摩司所看見五個表號的災　六1～九10
摩6:1	0	3	1　介言　六1～14
摩7:1	0	3	2　第一個表號的災─蝗蟲要喫地上的青物　七1～3
摩7:4	0	3	3　第二個表號的災─火吞滅深淵和地　七4～6
摩7:7	0	3	4　第三個表號的災─主手中拿著準繩　七7～9
摩7:10	0	3	5　伯特利的祭司亞瑪謝的攪擾　七10～17
摩8:1	0	3	6　第四個表號的災─夏天的果子，表徵時候成熟了，以色列的結局到了　八1～14
摩9:1	0	3	7　第五個表號的災─主站在祭壇上，表徵主豫備好要毀滅以色列　九1～10
摩9:11	0	1	伍　以色列家的復興和大衛倒塌帳幕的重建為著基督的國　九11～15
俄1:1	0	1	壹　介言　1上
俄1:1	8	1	貳　耶和華對以東的對付　1下～9
俄1:10	0	1	參　以東的惡行　10～14
俄1:15	0	1	肆　耶和華的日子臨到萬國　15～16
俄1:17	0	1	伍　耶和華對付的結果　17～21
拿1:1	0	1	壹　介言　一1
拿1:2	0	1	貳　約拿逃避耶和華的任命　一2～17
拿2:1	0	1	參　約拿的悔改　二1～10
拿3:1	0	1	肆　約拿的傳揚　三1～10
拿4:1	0	1	伍　約拿的成見　四1～11
彌1:1	0	1	壹　介言　一1
彌1:2	0	1	貳　耶和華對以色列的責備　一2～二11，三1～12
彌2:12	0	1	參　耶和華對以色列的安慰　二12～13，四1～五15
彌3:1	0	1	貳　耶和華對以色列的責備（續）　三1～12
彌4:1	0	1	參　耶和華對以色列的安慰（續）　四1～五15
彌6:1	0	1	肆　耶和華與以色列的爭辯　六1～16
彌6:1	0	2	一　以過去的歷史為根據　1～5
彌6:6	0	2	二　渴望得著以色列真實的敬拜和純誠的事奉　6～8
彌6:9	0	2	三　說明原因與結果─以色列的罪與耶和華的懲罰　9～16
彌7:1	0	1	伍　申言者的觀察和期待　七1～20
彌7:1	0	2	一　申言者沮喪的觀察　1～6
彌7:7	0	2	二　申言者鼓勵的期待　7～20
鴻1:1	0	1	壹　介言　一1
鴻1:2	0	1	貳　耶和華是威嚴的審判者　一2～7
鴻1:8	0	1	參　耶和華對尼尼微的審判　一8～三19
鴻1:8	0	2	一　關於尼尼微被毀滅的判決，以及對猶大安慰的應許　一8～15
鴻2:1	0	2	二　尼尼微被毀滅的異象　二1～13
鴻3:1	0	2	三　尼尼微人被蹂躪　三1～17
鴻3:18	0	2	四　亞述王悽慘的結局　三18～19
哈1:1	0	1	壹　介言　一1
哈1:2	0	1	貳　申言者與耶和華之間第一次的對話　一2～11
哈1:2	0	2	一　申言者向耶和華發問　2～4
哈1:5	0	2	二　耶和華對申言者的回答　5～11
哈1:12	0	1	參　申言者與耶和華之間第二次的對話　一12～二20
哈1:12	0	2	一　申言者向耶和華發問　一12～二1
哈2:2	0	2	二　耶和華對申言者的回答　二2～20
哈2:5	0	2	（臨到迦勒底人的五樣災禍　5～20）
哈3:1	0	1	肆　申言者藉著禱告、頌揚、並對耶和華的信靠，向耶和華唱的詩歌　三1～19
哈3:1	0	2	一　藉著禱告　1～2
哈3:3	0	2	二　藉著頌揚　3～15
哈3:16	0	2	三　藉著對耶和華的信靠　16～19
番1:1	0	1	壹　介言　一1
番1:2	0	1	貳　耶和華的審判　一2～三8
番1:2	0	2	一　對以色列的審判　一2～二3
番2:4	0	2	二　對列國的審判　二4～15
番2:4	0	3	1　對非利士人的審判　4～7
番2:8	0	3	2　對摩押和亞捫的審判　8～11
番2:12	0	3	3　對古實人的審判　12
番2:13	0	3	4　對亞述的審判　13～15
番3:1	0	2	三　對以色列的審判（續）　三1～7
番3:8	0	2	四　對萬國的審判　三8
番3:9	0	1	參　耶和華的拯救　三9～20
番3:9	0	2	一　對外邦的拯救　9
番3:10	0	2	二　對以色列的拯救　10～20
該1:1	0	1	壹　介言　一1
該1:2	0	1	貳　耶和華對祂殿耽延建造的責備和吩咐　一2～15
該1:2	0	2	一　耶和華的責備　2～6
該1:7	0	2	二　耶和華的吩咐　7～8
該1:9	0	2	三　耶和華進一步的責備　9～11
該1:12	0	2	四　百姓的反應　12～15
該2:1	0	1	參　關於在千年國裏耶和華殿的豫言，以及關於要來國度裏彌賽亞的應許　二1～23
該2:1	0	2	一　關於在千年國裏耶和華殿的豫言　1～9
該2:10	0	2	二　百姓的不潔，以及耶和華對付他們，然後祝福他們　10～19
該2:20	0	2	三　關於要來國度裏彌賽亞（由所羅巴伯所豫表）的應許　20～23
亞1:1	0	1	壹　介言　一1～6
亞1:7	0	1	貳　安慰和應許的異象　一7～六15
亞1:7	0	2	一　一人，就是耶和華的使者，騎著紅馬，站在窪地番石榴樹中間的異象　一7～17
亞1:18	0	2	二　四角和四匠人的異象　一18～21
亞2:1	0	2	三　一人手拿準繩的異象　二1～13
亞3:1	0	2	四　大祭司約書亞，因耶和華的使者和猶大的省長所羅巴伯，得成全、堅立、並加強的異象　三1～10
亞4:1	0	2	五　金燈臺和兩棵橄欖樹的異象　四1～14
亞5:1	0	2	六　飛行之書卷的異象　五1～4
亞5:5	0	2	七　量器的異象　五5～11
亞6:1	0	2	八　四輛車的異象　六1～8
亞6:9	0	2	九　藉著給作基督豫表的約書亞加冠，印證這八個異象的結語　六9～15
亞7:1	0	1	參　對以色列的勸告，要他們離棄儀文宗教的虛妄，轉向敬虔生活的實際，以及耶和華復興以色列的願望　七1～八23
亞9:1	0	1	肆　以基督為中心之鼓勵的豫言　九1～十四21
亞9:1	0	2	一　關於猶大四圍的列國與以色列之關係的豫言　九1～17
亞9:1	0	3	1　關於希臘帝國亞歷山大大帝，（主前三三六至三二三年，加上他的四個繼承者的影響，延伸至主前四十四年，）所施於猶大周圍列國的毀滅　1～7
亞9:8	0	3	2　主保護耶路撒冷及其殿，就是祂的家　8
亞9:9	0	3	3　基督在卑微的形狀裏，暫時被歡迎為王進入耶路撒冷　9～10
亞9:11	0	3	4　關於猶太馬克比族的英雄勝過敘利亞王安提阿克以比凡尼（主前一七五至一六四年）　11～17
亞10:1	0	2	二　關於主對以色列慈愛眷顧的豫言　十1～12
亞11:1	0	2	三　關於以色列在羅馬帝國壓迫下之生活的豫言　十一1～17
亞11:1	0	3	1　羅馬帝國施於以色列鄰國的毀滅　1～3
亞11:4	0	3	2　以色列人落入鄰國之手，並落入鄰國之王的手─生活在羅馬帝國的暴虐之下　4～6
亞11:7	0	3	3　耶和華（就是耶穌）牧養以色列羊群中的困苦者　7～11，14
亞11:12	0	3	4　彌賽亞這位以色列合式的牧人被憎嫌、攻擊、棄絕，並以奴僕的價值被賣　12～13
亞11:14	0	3	3　耶和華（就是耶穌）牧養以色列羊群中的困苦者（續）　14
亞11:15	0	3	5　以色列人被交給愚昧無用的牧人　15～17
亞12:1	0	2	四　關於在哈米吉頓大戰的事上，在以色列全家得救的事上，以及在千年國的事上，以色列之定命的豫言　十二1～十四21
亞12:1	0	3	1　哈米吉頓大戰　十二1～9，十四1～7，12～15
亞12:10	0	3	2　使以色列全家得救的神聖供備和主宰豫備　十二10～十三9
亞12:10	0	4	a　耶和華神將恩典和懇求的靈澆灌大衛家和耶路撒冷的居民　十二10～14
亞13:1	0	4	b　救贖主和祂救贖的神聖供備　十三1～7上
亞13:7	33	4	c　主宰的豫備一班子民，以接受救贖主和祂的救贖　十三7下～9
亞14:1	0	3	1　哈米吉頓大戰（續）　十四1～7
亞14:8	0	3	3　千年國　十四8～11，16～21
亞14:12	0	3	1　哈米吉頓大戰（續）　十四12～15
亞14:16	0	3	3　千年國（續）　十四16～21
瑪1:1	0	1	壹　介言　一1
瑪1:2	0	1	貳　耶和華對雅各的愛　一2～5
瑪1:6	0	1	參　耶和華對利未子孫的對付　一6～三4
瑪1:6	0	2	一　祭司的墮落　一6～14
瑪2:1	0	2	二　祭司干犯耶和華的誡命，並敗壞耶和華的約　二1～9
瑪2:10	0	2	三　猶大（事實上是指祭司）的詭詐，以及瀆犯耶和華　二10～12
瑪2:13	0	2	四　耶和華恨惡人（主要的是指祭司）對自己妻子的詭詐　二13～17
瑪3:1	0	2	五　藉著祂來作耶和華的使者，使祭司得煉淨、潔淨　三1～4
瑪3:5	0	1	肆　耶和華對雅各子孫的對付　三5～四6
瑪3:5	0	2	一　耶和華以祂的臨近為審判　三5～6
瑪3:7	0	2	二　耶和華對雅各子孫的勸告　三7～12
瑪3:13	0	2	三　耶和華對敬畏祂並事奉祂之人的鼓勵　三13～18
瑪3:13	0	3	1　有些雅各子孫的話，厲害的頂撞耶和華　13～15
瑪3:16	0	3	2　耶和華鼓勵的話　16～18
瑪4:1	0	2	四　耶和華以耶和華的日子為警戒　四1～6
太1:1	0	1	壹　王的家世與身分　一1～二23
太1:1	0	2	一　譜系與職分─稱為基督　一1～17
太1:18	0	2	二　由來與名稱─生為神而人者，命名耶穌，人稱以馬內利　一18～25
太2:1	0	2	三　幼年與成長─稱為拿撒勒人　二1～23
太2:1	0	3	1　為星象家尋訪朝拜　1～12
太2:7	0	3	2　遭希律王妒忌　7～8
太2:13	0	3	3　逃往埃及　13～15
太2:16	0	3	4　為希律王搜滅　16～18
太2:19	0	3	5　返居拿撒勒　19～23
太3:1	0	1	貳　王的受膏　三1～四11
太3:1	0	2	一　引薦　三1～12
太3:13	0	2	二　受膏　三13～17
太4:1	0	2	三　試驗　四1～11
太4:12	0	1	參　王的職事　四12～十一30
太4:12	0	2	一　職事的開始　四12～25
太5:1	0	2	二　國度憲法的頒佈　五1～七29
太5:1	0	3	1　關於國度子民的性質　五1～12
太5:13	0	3	2　關於國度子民的影響　五13～16
太5:17	0	3	3　關於國度子民的律法　五17～48
太6:1	0	3	4　關於國度子民的義行　六1～18
太6:19	0	3	5　關於國度子民的財物　六19～34
太7:1	0	3	6　關於國度子民待人的原則　七1～12
太7:13	0	3	7　關於國度子民生活工作的根基　七13～29
太8:1	0	2	三　職事的繼續　八1～九34
太8:1	0	3	1　具有時代意義的神蹟　八1～17
太8:18	0	3	2　跟從王的路　八18～22
太8:23	0	3	3　王的權柄　八23～九8
太8:23	0	4	a　管理風海　八23～27
太8:28	0	4	b　管理鬼　八28～34
太9:1	0	4	c　赦免罪　九1～8
太9:9	0	3	4　與罪人同歡　九9～13
太9:14	0	3	5　與宗教難合　九14～17
太9:18	0	3	6　重複具有時代意義的神蹟　九18～34
太9:35	0	2	四　職事的擴大　九35～十一1
太9:35	0	3	1　牧養和收割的需要　九35～38
太10:1	0	3	2　選差工人　十1～5上
太10:5	17	3	3　擴展國度福音到以色列家的路　十5下～15
太10:16	0	3	4　逼迫和應付逼迫的路　十16～33
太10:34	0	3	5　王帶來的攪擾，與跟從祂的十字架道路　十34～39
太10:40	0	3	6　王與受差者是一　十40～十一1
太11:2	0	2	五　王對各面的風度　十一2～30
太11:2	0	3	1　堅固被囚的先鋒　2～6
太11:7	0	3	2　稱讚先鋒　7～15
太11:16	0	3	3　歎責頑固不悛的世代　16～24
太11:25	0	3	4　以頌揚承認父的美意　25～27
太11:28	0	3	5　呼召負重者來得安息，與得安息的路　28～30
太12:1	0	1	肆　王的被棄　十二1～二七66
太12:1	0	2	一　棄絕的建立　十二1～50
太12:1	0	3	1　棄絕的因由　1～14
太12:15	0	3	2　棄絕使王轉向外邦　15～21
太12:22	0	3	3　棄絕的極峰　22～37
太12:38	0	3	4　對棄王世代的神蹟　38～42
太12:43	0	3	5　棄王世代每況愈下　43～45
太12:46	0	3	6　棄絕導致王的放棄　46～50
太13:1	0	2	二　國度奧祕的揭示　十三1～52
太13:1	0	3	1　國度初步的工作　1～23
太13:24	0	3	2　國度的建立及假冒的成分　24～30
太13:31	0	3	3　國度外表的畸形發展　31～32
太13:33	0	3	4　國度外表的內在腐敗　33～35
太13:36	0	3	5　國度的建立及假冒的成分（續）　36～43
太13:44	0	3	6　藏於神所創造之地的國度　44
太13:45	0	3	7　產自撒但敗壞之世的召會　45～46
太13:47	0	3	8　永遠的福音及其結果　47～50
太13:51	0	3	9　新舊東西的庫藏　51～52
太13:53	0	2	三　棄絕的增加　十三53～十六12
太13:53	0	3	1　家鄉人的棄絕　十三53～58
太14:1	0	3	2　外邦王的棄絕　十四1～13
太14:14	0	3	3　食飽五千的神蹟　十四14～21
太14:22	0	3	4　履海的神蹟　十四22～33
太14:34	0	3	5　憑王衣繸得醫治　十四34～36
太15:1	0	3	6　傳統宗教徒的控告　十五1～20
太15:21	0	3	7　外邦婦人的信心　十五21～28
太15:29	0	3	8　治病為榮耀神　十五29～31
太15:32	0	3	9　食飽四千的神蹟　十五32～39
太16:1	0	3	10　基要與摩登兩派的試誘　十六1～12
太16:13	0	2	四　被棄絕的途徑　十六13～二三39
太16:13	0	3	1　去猶太之前　十六13～十八35
太16:13	0	4	a　基督與召會的啟示　十六13～20
太16:21	0	4	b　釘死與復活的首次揭示　十六21～27
太16:28	0	4	c　國度小影中的變像　十六28～十七13
太17:14	0	4	d　癲癇鬼的趕出　十七14～21
太17:22	0	4	e　釘死與復活第二次的揭示　十七22～23
太17:24	0	4	f　基督兒子名分的啟示與異象的應用　十七24～27
太18:1	0	4	g　國度裏的關係　十八1～35
太19:1	0	3	2　到猶太境後　十九1～二十16
太19:2	0	4	a　醫治跟隨的群眾　十九2
太19:3	0	4	b　基要派的再試誘　十九3～12
太19:13	0	4	c　給小孩子的按手　十九13～15
太19:16	0	4	d　財主進國度的路　十九16～26
太19:27	0	4	e　國度的賞賜　十九27～二十16
太20:17	0	3	3　往耶路撒冷的路上　二十17～二一11
太20:17	0	4	a　釘死與復活第三次的揭示　二十17～19
太20:20	0	4	b　國度寶座與十架苦杯　二十20～28
太20:29	0	4	c　二瞎得醫　二十29～34
太21:1	0	4	d　對溫柔之王的熱烈歡迎　二一1～11
太21:12	0	3	4　在耶路撒冷　二一12～二三39
太21:12	0	4	a　潔淨聖殿　二一12～16
太21:17	0	4	b　宿於伯大尼　二一17
太21:18	0	4	c　咒詛以色列國　二一18～22
太21:23	0	4	d　受試驗　二一23～二二46
太21:23	0	5	（一）　受祭司長和長老的試驗─關於祂的權柄　二一23～二二14
太21:28	0	6	（1）　長子名分的轉移　二一28～32
太21:33	0	6	（2）　神國度的轉遷　二一33～46
太22:1	0	6	（3）　國度的婚筵　二二1～14
太22:15	0	5	（二）　受法利賽門徒和希律黨人的試驗─關於納稅給該撒　二二15～22
太22:23	0	5	（三）　受撒都該人的試驗─關於復活　二二23～33
太22:34	0	5	（四）　受律法師的試驗─關於最大的誡命　二二34～40
太22:41	0	5	（五）　籠住所有試驗者的口─關於基督的問題　二二41～46
太23:1	0	4	e　對宗教徒的責備　二三1～36
太23:1	0	5	（一）　他們的假冒為善　1～12
太23:13	0	5	（二）　他們的八重災禍　13～36
太23:37	0	4	f　耶路撒冷連其聖殿的被棄　二三37～39
太24:1	0	2	五　國度的豫言　二四1～二五46
太24:1	0	3	1　關於以色列人　二四1～31
太24:1	0	4	a　從基督升天到這世代終結　二四1～14
太24:15	0	4	b　在這世代的終結　二四15～31
太24:15	0	5	（一）　大災難必發生　15～26
太24:27	0	5	（二）　基督來臨到地上　27～30
太24:31	0	5	（三）　以色列人被聚集　31
太24:32	0	3	2　關於召會　二四32～二五30
太24:32	0	4	a　要儆醒豫備　二四32～44
太24:45	0	4	b　要忠信精明　二四45～51
太25:1	0	4	c　儆醒的比喻　二五1～13
太25:14	0	4	d　忠信的比喻　二五14～30
太25:31	0	3	3　關於萬民　二五31～46
太25:31	0	4	a　基督來臨，榮登寶座　31
太25:32	0	4	b　聚集萬民，施以審判　32～46
太26:1	0	2	六　棄絕的完成　二六1～二七66
太26:1	0	3	1　釘死第四次的揭示　二六1～2
太26:3	0	3	2　為宗教所害　二六3～5
太26:6	0	3	3　為愛徒所愛　二六6～13
太26:14	0	3	4　為假徒所賣　二六14～16
太26:17	0	3	5　守最後一次的逾越節　二六17～25
太26:26	0	3	6　設立王的筵席　二六26～30
太26:31	0	3	7　警告門徒　二六31～35
太26:36	0	3	8　受壓榨於客西馬尼　二六36～46
太26:47	0	3	9　為宗教所捉　二六47～56
太26:57	0	3	10　為議會所審　二六57～68
太26:69	0	3	11　為彼得所否認　二六69～75
太27:1	0	3	12　為彼拉多所審　二七1～26
太27:27	0	3	13　為外邦兵丁所戲弄　二七27～32
太27:33	0	3	14　被釘十字架　二七33～56
太27:33	0	4	a　為人所殺並戲弄　33～44
太27:45	0	4	b　為神所審並棄絕　45～50
太27:51	0	4	c　釘死的功效　51～56
太27:57	0	3	15　為財主所葬　二七57～66
太28:1	0	1	伍　王的得勝　二八1～20
太28:1	0	2	一　復活　1～15
太28:16	0	2	二　掌權　16～20
可1:1	0	1	壹　福音的開始與奴僕救主的引進　一1～13
可1:1	0	2	一　福音的開始─藉著先鋒的職事　1～8
可1:1	0	3	1　如所豫言者　1～3
可1:4	0	3	2　傳悔改的浸　4～6
可1:7	0	3	3　介紹奴僕救主　7～8
可1:9	0	2	二　奴僕救主的引進　9～13
可1:9	0	3	1　受浸　9～11
可1:12	0	3	2　試驗　12～13
可1:14	0	1	貳　奴僕救主為著福音廣傳的職事　一14～十52
可1:14	0	2	一　福音服事的內容　一14～45
可1:14	0	3	1　傳揚福音　14～20
可1:21	0	3	2　教訓真理　21～22
可1:23	0	3	3　趕逐污鬼　23～28
可1:29	0	3	4　醫治病人　29～39
可1:40	0	3	5　潔淨痲瘋　40～45
可2:1	0	2	二　完成福音服事的路　二1～三6
可2:1	0	3	1　赦免病者罪　二1～12
可2:13	0	3	2　同罪人坐席　二13～17
可2:18	0	3	3　從者快樂，無需禁食　二18～22
可2:23	0	3	4　寧顧從者飢餓，不顧宗教規條　二23～28
可3:1	0	3	5　寧顧苦者得釋，不顧宗教儀式　三1～6
可3:7	0	2	三　福音服事的輔助動作　三7～35
可3:7	0	3	1　避開群眾　7～12
可3:13	0	3	2　選立使徒　13～19
可3:20	0	3	3　因需廢食　20～21
可3:22	0	3	4　捆綁撒但，洗劫其家　22～30
可3:31	0	3	5　不認親屬，只認行神旨者　31～35
可4:1	0	2	四　神國的比喻　四1～34
可4:1	0	3	1　撒種的比喻　1～20
可4:21	0	3	2　燈的比喻　21～25
可4:26	0	3	3　種子的比喻　26～29
可4:30	0	3	4　芥種的比喻　30～34
可4:35	0	2	五　福音服事的行動　四35～十52
可4:35	0	3	1　平靜風海　四35～41
可5:1	0	3	2　趕逐群鬼　五1～20
可5:21	0	3	3　醫治血漏，復活死女　五21～43
可6:1	0	3	4　受人藐視　六1～6
可6:7	0	3	5　差遣門徒　六7～13
可6:14	0	3	6　先鋒殉道　六14～29
可6:30	0	3	7　食飽五千　六30～44
可6:45	0	3	8　行在海面　六45～52
可6:53	0	3	9　到處施醫　六53～56
可7:1	0	3	10　教導內出的玷污　七1～23
可7:24	0	3	11　趕逐迦南女孩的鬼　七24～30
可7:31	0	3	12　醫治耳聾舌結　七31～37
可8:1	0	3	13　食飽四千　八1～10
可8:11	0	3	14　無神蹟給法利賽人　八11～13
可8:14	0	3	15　警告提防法利賽人和希律的酵　八14～21
可8:22	0	3	16　醫治伯賽大的瞎子　八22～26
可8:27	0	3	17　首次揭示死與復活　八27～九1
可9:2	0	3	18　登山變像　九2～13
可9:14	0	3	19　趕出啞吧靈　九14～29
可9:30	0	3	20　第二次揭示死與復活　九30～32
可9:33	0	3	21　教導謙卑　九33～37
可9:38	0	3	22　教導為合一的容忍　九38～50
可10:1	0	3	23　來到猶太　十1
可10:2	0	3	24　教導不可離婚　十2～12
可10:13	0	3	25　祝福小孩　十13～16
可10:17	0	3	26　教導關於財主並進神國的事　十17～31
可10:32	0	3	27　第三次揭示死與復活　十32～34
可10:35	0	3	28　教導登上寶座的路　十35～45
可10:46	0	3	29　醫治巴底買　十46～52
可11:1	0	1	參　奴僕救主為著祂救贖服事的豫備　十一1～十四42
可11:1	0	2	一　進耶路撒冷，宿伯大尼　十一1～11
可11:12	0	2	二　咒詛果樹，潔淨聖殿　十一12～26
可11:27	0	2	三　受試驗與察驗　十一27～十二44
可11:27	0	3	1　受於祭司長、經學家和長老者　十一27～十二12
可12:13	0	3	2　受於法利賽人和希律黨人者　十二13～17
可12:18	0	3	3　受於撒都該人者　十二18～27
可12:28	0	3	4　受於一經學家者　十二28～34
可12:35	0	3	5　籠住眾口　十二35～37
可12:38	0	3	6　警告提防經學家　十二38～40
可12:41	0	3	7　稱讚窮寡婦　十二41～44
可13:1	0	2	四　為著受死豫備門徒　十三1～十四42
可13:1	0	3	1　示以要來的事　十三1～37
可14:1	0	3	2　受謀害、出賣並愛戴　十四1～11
可14:12	0	3	3　設立晚餐　十四12～26
可14:27	0	3	4　警告門徒　十四27～31
可14:32	0	3	5　經歷客西馬尼─要門徒儆醒禱告　十四32～42
可14:43	0	1	肆　奴僕救主為著完成神救贖的死與復活　十四43～十六18
可14:43	0	2	一　祂的死　十四43～十五47
可14:43	0	3	1　被捉　十四43～52
可14:53	0	3	2　受審　十四53～十五15
可14:53	0	4	a　為代表猶太人的猶太首領所審　十四53～72
可15:1	0	4	b　為代表外邦人的羅馬總督所審　十五1～15
可15:16	0	3	3　被釘　十五16～41
可15:42	0	3	4　安葬　十五42～47
可16:1	0	2	二　祂的復活　十六1～18
可16:1	0	3	1　為三姊妹發現　1～8
可16:9	0	3	2　向馬利亞顯現　9～11
可16:12	0	3	3　向二徒顯現　12～13
可16:14	0	3	4　向十一徒顯現，命以普傳福音　14～18
可16:19	0	1	伍　奴僕救主得高舉的升天　十六19
可16:20	0	1	陸　奴僕救主藉著門徒的普傳福音　十六20
路1:1	0	1	壹　引言　一1～4
路1:5	0	1	貳　對在人性裏帶著神性之人救主的豫備　一5～四13
路1:5	0	2	一　祂先鋒的成孕　一5～25
路1:26	0	2	二　祂的成孕　一26～56
路1:57	0	2	三　祂先鋒的出生與幼年　一57～80
路2:1	0	2	四　祂的出生　二1～20
路2:21	0	2	五　祂的幼年　二21～52
路2:21	0	3	1　受割禮與命名　21
路2:22	0	3	2　被獻上與受稱揚　22～39
路2:40	0	3	3　長大與長進　40～52
路3:1	0	2	六　祂的就職　三1～四13
路3:1	0	3	1　介紹　三1～20
路3:21	0	3	2　受浸　三21
路3:22	0	3	3　受膏　三22
路3:23	0	3	4　祂的身分　三23～38
路4:1	0	3	5　祂的試驗　四1～13
路4:14	0	1	參　人救主在祂帶著神聖屬性之人性美德中的職事　四14～十九27
路4:14	0	2	一　在加利利　四14～九50
路4:14	0	3	1　宣揚恩典的禧年　四14～30
路4:31	0	3	2　執行祂的四重使命─施教、趕鬼、醫病並傳道　四31～44
路5:1	0	3	3　吸引被霸佔的人　五1～11
路5:12	0	3	4　潔淨受玷污的人　五12～16
路5:17	0	3	5　醫治癱瘓的人　五17～26
路5:27	0	3	6　呼召被藐視的人　五27～39
路6:1	0	3	7　干犯走樣的安息日規條，使人得滿足並釋放　六1～11
路6:12	0	3	8　選立十二使徒　六12～16
路6:17	0	3	9　教導門徒最高的道德　六17～49
路7:1	0	3	10　治好將死的人　七1～10
路7:11	0	3	11　憐憫哀哭的寡婦，使其獨子復活　七11～17
路7:18	0	3	12　堅固先鋒　七18～35
路7:36	0	3	13　赦免罪人　七36～50
路8:1	0	3	14　由婦女供給　八1～3
路8:4	0	3	15　用比喻施教　八4～18
路8:19	0	3	16　承認真實的親屬　八19～21
路8:22	0	3	17　平靜風暴　八22～25
路8:26	0	3	18　趕逐群鬼　八26～39
路8:40	0	3	19　醫好血漏婦人，並叫死女復活　八40～56
路9:1	0	3	20　差遣十二使徒擴展祂的職事　九1～9
路9:10	0	3	21　食飽五千人　九10～17
路9:18	0	3	22　被認出是基督　九18～21
路9:22	0	3	23　首次揭示祂的死與復活　九22～26
路9:27	0	3	24　登山變像　九27～36
路9:37	0	3	25　趕出一人之子的污鬼　九37～43上
路9:43	10	3	26　第二次揭示祂的死　九43下～45
路9:46	0	3	27　教導謙卑與容忍　九46～50
路9:51	0	2	二　從加利利到耶路撒冷　九51～十九27
路9:51	0	3	1　為撒瑪利亞人所棄絕　九51～56
路9:57	0	3	2　指導人如何跟從祂　九57～62
路10:1	0	3	3　選立七十門徒擴展祂的職事　十1～24
路10:25	0	3	4　描繪自己為具有最高道德的好撒瑪利亞人　十25～37
路10:38	0	3	5　為馬大所接待　十38～42
路11:1	0	3	6　教導禱告　十一1～13
路11:14	0	3	7　為邪惡世代所棄絕　十一14～32
路11:33	0	3	8　警告勿留黑暗中　十一33～36
路11:37	0	3	9　責備法利賽人和律法師　十一37～54
路12:1	0	3	10　警告提防法利賽人的偽善並對人救主的否認　十二1～12
路12:13	0	3	11　警告勿貪婪　十二13～34
路12:35	0	3	12　教導儆醒並忠信　十二35～48
路12:49	0	3	13　渴望藉死得釋　十二49～53
路12:54	0	3	14　教導分辨時期　十二54～59
路13:1	0	3	15　教導悔改　十三1～9
路13:10	0	3	16　在安息日醫治駝背的女人　十三10～17
路13:18	0	3	17　教導神的國像芥菜種和麵酵　十三18～21
路13:22	0	3	18　教導進神的國　十三22～30
路13:31	0	3	19　直往耶路撒冷　十三31～35
路14:1	0	3	20　在安息日醫治患水臌者　十四1～6
路14:7	0	3	21　教導應邀者和邀請者　十四7～14
路14:15	0	3	22　教導接受神的邀請　十四15～24
路14:25	0	3	23　教導如何跟從人救主　十四25～35
路15:1	0	3	24　揭示三一神對罪人拯救的愛　十五1～32
路15:1	0	4	a　藉著牧人尋羊的比喻　1～7
路15:8	0	4	b　藉著婦人找錢的比喻　8～10
路15:11	0	4	c　藉著父親接子的比喻　11～32
路16:1	0	3	25　教導作精明的管家　十六1～13
路16:14	0	3	26　教導進神的國　十六14～18
路16:19	0	3	27　警告財主　十六19～31
路17:1	0	3	28　教導關於絆跌人、赦免人並信心的事　十七1～6
路17:7	0	3	29　教導事奉　十七7～10
路17:11	0	3	30　潔淨十個患痲瘋者　十七11～19
路17:20	0	3	31　教導神的國和得勝者的被提　十七20～37
路18:1	0	3	32　教導恆切禱告　十八1～8
路18:9	0	3	33　教導進神的國　十八9～30
路18:9	0	4	a　降卑自己　9～14
路18:15	0	4	b　像小孩子　15～17
路18:18	0	4	c　撇下一切跟從人救主　18～30
路18:31	0	3	34　第三次揭示祂的死與復活　十八31～34
路18:35	0	3	35　醫好耶利哥的瞎子　十八35～43
路19:1	0	3	36　拯救撒該　十九1～10
路19:11	0	3	37　教導忠信　十九11～27
路19:28	0	1	肆　人救主為著完成救贖將自己交與死　十九28～二二46
路19:28	0	2	一　凱進耶路撒冷　十九28～40
路19:41	0	2	二　為耶路撒冷哀哭　十九41～44
路19:45	0	2	三　潔淨聖殿並施教　十九45～48
路20:1	0	2	四　通過最後的察驗　二十1～二一4
路20:1	0	3	1　祭司長、經學家和長老的察驗　二十1～19
路20:20	0	3	2　法利賽人和希律黨人的察驗　二十20～26
路20:27	0	3	3　撒都該人的察驗　二十27～38
路20:39	0	3	4　籠住所有察驗者的口　二十39～44
路20:45	0	3	5　警告提防經學家　二十45～47
路21:1	0	3	6　稱讚窮寡婦　二一1～4
路21:5	0	2	五　為著受死豫備門徒　二一5～二二46
路21:5	0	3	1　示以要來的事　二一5～36
路21:5	0	4	a　聖殿的被毀　5～6
路21:7	0	4	b　基督升天和大災難之間的災禍　7～11
路21:12	0	4	c　門徒在召會時代所受的逼迫　12～19
路21:20	0	4	d　大災難與基督的來臨　20～27
路21:28	0	4	e　門徒的得贖與得勝者的被提　28～36
路21:37	0	3	2　在殿裏施教　二一37～38
路22:1	0	3	3　敵者陰謀殺害，假徒圖謀出賣　二二1～6
路22:7	0	3	4　設立晚餐，使門徒有分於祂的死　二二7～23
路22:24	0	3	5　教導門徒謙卑，並豫告他們要有的遭遇　二二24～38
路22:39	0	3	6　為受死的苦禱告，並命門徒禱告　二二39～46
路22:47	0	1	伍　人救主的死　二二47～二三56
路22:47	0	2	一　被捉　二二47～65
路22:54	18	2	（為彼得所否認　54下～62）
路22:66	0	2	二　受審　二二66～二三25
路22:66	0	3	1　為猶太議會所審　二二66～71
路23:1	0	3	2　為羅馬官長所審　二三1～25
路23:26	0	2	三　被釘　二三26～49
路23:26	0	3	1　受人逼迫　26～43
路23:44	0	3	2　受神審判，為罪人完成代死　44～49
路23:50	0	2	四　被葬　二三50～56
路24:1	0	1	陸　人救主的復活　二四1～49
路24:1	0	2	一　為婦女們所發現　1～11
路24:12	0	2	二　為彼得所查看並證實　12
路24:13	0	2	三　向二徒顯現　13～35
路24:36	0	2	四　向使徒及其同人顯現，並賜以使命　36～49
路24:50	0	1	柒　人救主的升天　二四50～53
約1:1	0	1	壹　永遠的話成為肉體，來將神帶進人裏面　一～十三
約1:1	0	2	一　生命與建造的引言　一1～51
約1:1	0	3	1　在已過的永遠裏那是神的話，經過創造來作生命與光，產生神的兒女　1～13
約1:14	0	3	2　話成了肉體，豐滿的帶著恩典和實際，在神的獨生子裏將神表明出來　14～18
約1:19	0	3	3　作神羔羊的耶穌，帶著彷彿鴿子的聖靈，將信徒作成石頭，為著以人子建造神的家　19～51
約1:19	0	4	a　宗教期望一位偉大的首領　19～28
約1:29	0	4	b　耶穌被介紹為帶著鴿子的羔羊　29～34
約1:35	0	4	c　為著神的建造產生石頭　35～51
約2:1	0	2	二　生命的原則與生命的目的　二1～22
約2:1	0	3	1　生命的原則─變死亡為生命　1～11
約2:1	0	4	a　基督在復活裏，在人的享樂中臨到人　1～2
約2:3	0	4	b　人屬人的生命用盡，為死亡所充滿　3～7
約2:8	0	4	c　基督將人的死亡變為永遠的生命　8～11
約2:12	0	3	2　生命的目的─建造神的家　12～22
約2:12	0	4	a　基督潔淨殿　12～17
約2:18	0	4	b　耶穌那是殿的身體被拆毀，在復活裏被建立起來　18～22
約2:23	0	2	三　生命應付人各種情況的需要　二23～十一57
約2:23	0	3	1　道德人的需要─生命的重生　二23～三36
約2:23	0	4	a　主不信託神蹟，乃信託生命　二23～三1
約3:2	0	4	b　由神的靈在人靈裏的重生　三2～13
約3:14	0	4	c　人肉體中撒但的邪惡性情，在十字架上藉著基督在蛇形中的死受了審判，使信徒得著永遠的生命　三14～21
約3:22	0	4	d　重生的人成為基督的新婦作祂的擴增　三22～30
約3:31	0	4	e　無限量的神子給人相信以得永遠的生命　三31～36
約4:1	0	3	2　不道德人的需要─生命的滿足　四1～42
約4:1	0	4	a　乾渴的救主與乾渴的罪人　1～8
約4:9	0	4	b　宗教傳統的虛空，與生命活水的豐滿　9～14
約4:15	0	4	c　取用活水的路　15～26
約4:15	0	5	（一）　認罪　15～18
約4:19	0	5	（二）　在人的靈和真實裏，接觸是靈的神　19～24
約4:25	0	5	（三）　信耶穌是基督　25～26
約4:27	0	4	d　活的見證及驚人的收成　27～42
約4:43	0	3	3　垂死人的需要─生命的醫治　四43～54
約4:43	0	4	a　基督返顧脆弱人之地　43～46上
約4:46	25	4	b　垂死的脆弱人　46下～49
約4:50	0	4	c　憑賜生命的話，並藉信而施的醫治　50～54
約5:1	0	3	4　軟弱人的需要─生命的點活　五1～47
約5:1	0	4	a　宗教守律法的虧缺，與神子賜生命的充足　1～9
約5:10	0	4	b　宗教敵對生命　10～16
約5:17	0	4	c　子賜生命，並行審判，與父平等　17～30
約5:31	0	4	d　子的四重見證　31～47
約5:32	0	5	（一）　施浸者約翰的見證　32～35
約5:36	0	5	（二）　子工作的見證　36
約5:37	0	5	（三）　父的見證　37～38
約5:39	0	5	（四）　聖經的見證　39～47
約6:1	0	3	5　飢餓人的需要─生命的餧養　六1～71
約6:1	0	4	a　飢餓的世界與餧養的基督　1～15
約6:16	0	4	b　受困擾的世界與賜平安的基督　16～21
約6:22	0	4	c　生命的糧　22～71
約6:22	0	5	（一）　必壞食物的追求者　22～31
約6:32	0	5	（二）　存到永遠生命的食物　32～71
約6:32	0	6	（1）　成為肉體　32～51上
約6:51	25	6	（2）　被殺　51下～55
約6:56	0	6	（3）　復活以內住　56～59
約6:60	0	6	（4）　升天　60～62
約6:63	0	6	（5）　成為賜生命的靈　63～65
約6:66	0	6	（6）　具體實化於生命的話　66～71
約7:1	0	3	6　乾渴人的需要─生命的解渴　七1～52
約7:1	0	4	a　宗教逼迫下的生命　1～36
約7:1	0	5	（一）　宗教的陰謀與宗教的節期　1～2
約7:3	0	5	（二）　生命遭受人的不信　3～5
約7:6	0	5	（三）　生命在時間裏所受的限制　6～9
約7:10	0	5	（四）　生命對神榮耀的尋求　10～24
約7:25	0	5	（五）　生命的源頭與原始─父神　25～36
約7:37	0	4	b　生命向乾渴人的呼喊　37～39
約7:40	0	4	c　生命出現所引起的分裂　40～52
約7:53	0	3	7　為罪奴役之人的需要─生命的釋放　七53～八59
約7:53	0	4	a　誰是無罪的？　七53～八9
約8:10	0	4	b　誰能定罪並赦罪？　八10～11
約8:12	0	4	c　誰能釋放人脫離罪？　八12～36
約8:12	0	5	（一）　基督，那世界的光，賜生命之光者　12～20
約8:21	0	5	（二）　基督，那我是　21～27
約8:28	0	5	（三）　基督，那被舉起的人子　28～30
約8:31	0	5	（四）　基督，那作實際的子　31～36
約8:37	0	4	d　誰是罪的源頭和繁衍？　八37～44
約8:37	0	5	（一）　罪的源頭─魔鬼，那說謊者，那說謊之人的父　44
約8:37	0	5	（二）　罪的繁衍─魔鬼的兒女，那出於魔鬼的　37～44
約8:45	0	4	e　耶穌是誰？　八45～59
約8:45	0	5	（一）　是無罪的那一位　45～51
約8:52	0	5	（二）　是在亞伯拉罕以前就是我是的那一位　52～59
約9:1	0	3	8　宗教中瞎眼人的需要─生命的視力與生命的牧養　九1～十42
約9:1	0	4	a　生命的視力─為著宗教中瞎眼的人　九1～41
約9:1	0	5	（一）　生來瞎眼　1～3
約9:4	0	5	（二）　藉生命的光與塗抹得著視力　4～13
約9:14	0	5	（三）　為宗教所逼迫　14～34
約9:35	0	5	（四）　信入神的兒子　35～38
約9:39	0	5	（五）　生命對瞎眼宗教家的審判　39～41
約10:1	0	4	b　生命的牧養─為著宗教之外的信徒　十1～42
約10:1	0	5	（一）　羊圈、門並草場─為著羊　1～9
約10:10	0	5	（二）　牧人、神的生命並魂的生命─為著羊群　10～21
約10:22	0	5	（三）　永遠的生命、子的手並父的手─為著羊的穩固　22～30
約10:31	0	5	（四）　宗教的逼迫　31～39
約10:40	0	5	（五）　生命對宗教的離棄，及生命的新立場　40～42
約11:1	0	3	9　死人的需要─生命的復活　十一1～57
約11:1	0	4	a　死人及其需要　1～4
約11:5	0	4	b　人意見的阻撓　5～40
約11:41	0	4	c　生命的復活　41～44
約11:45	0	4	d　宗教的共謀，與生命的代死之於神兒女的聚集　45～57
約12:1	0	2	四　生命的結果與繁增　十二1～50
約12:1	0	3	1　生命的結果─筵宴之家（召會生活的小影）　1～11
約12:12	0	3	2　生命藉著死與復活，為著召會的繁增（包含神的得榮，與世界及撒但的受審）　12～36上
約12:36	24	3	3　宗教的不信與盲瞎　36下～43
約12:44	0	3	4　生命向不信之宗教的宣告　44～50
約13:1	0	2	五　生命在愛中維持交通的洗滌　十三1～38
約13:1	0	3	1　主親自的洗滌　1～11
約13:12	0	3	2　信徒彼此的洗滌　12～17
約13:18	0	3	3　被洗滌，卻不在交通裏　18～30
約13:31	0	3	4　被洗滌，且願留在交通裏，卻失敗了　31～38
約14:1	0	1	貳　耶穌被釘，基督復活，去豫備道路將人帶進神裏面；並成為那靈來居住生活在信徒裏面，為著建造神的居所　十四～二一
約14:1	0	2	一　生命的內住─為著建造神的居所　十四1～十六33
約14:1	0	3	1　三一神的分賜─為著產生住處　十四1～31
約14:1	0	4	a　耶穌經死而去，基督在復活裏來，將信徒帶進父裏面　1～6
約14:7	0	4	b　三一神將自己分賜到信徒裏面　7～20
約14:7	0	5	（一）　父化身子裏顯於信徒中間　7～14
約14:15	0	5	（二）　子實化成為那靈住在信徒裏面　15～20
約14:21	0	4	c　三一神同信徒安排住處　21～24
約14:25	0	4	d　保惠師的題醒與生命的平安　25～31
約15:1	0	3	2　三一神在神聖分賜中的生機體　十五1～十六4
約15:1	0	4	a　葡萄樹和枝子乃一生機體，彰顯神聖生命的豐富以榮耀父　十五1～11
約15:12	0	4	b　枝子彼此相愛，結果子彰顯神聖的生命　十五12～17
約15:18	0	4	c　葡萄樹和枝子從世界分別出來，為宗教世界所恨惡並逼迫　十五18～十六4
約16:5	0	3	3　那靈的工作終結於神性與人性的調和　十六5～33
約16:5	0	4	a　子的去為著靈的來　5～7
約16:8	0	4	b　那靈的工作　8～15
約16:8	0	5	（一）　使世人知罪自責　8～11
約16:12	0	5	（二）　將子帶同父的豐滿啟示與信徒以榮耀子　12～15
約16:12	0	5	（三）　將父與子所有的傳輸給信徒　13
約16:16	0	4	c　子在復活裏生為新生的孩子　16～24
約16:25	0	4	d　信徒縱受逼迫，在子裏仍有平安　25～33
約17:1	0	2	二　生命的禱告　十七1～26
約17:1	0	3	1　願子得榮耀好使父得榮耀　1～5
約17:6	0	3	2　要信徒被建造成為一　6～24
約17:6	0	4	a　在父的名裏，藉著永遠的生命　6～13
約17:14	0	4	b　在三一神裏，藉著聖言的聖別　14～21
約17:22	0	4	c　在神聖的榮耀裏，為著三一神的彰顯　22～24
約17:25	0	3	3　願父在對子及其信徒的愛上顯為義　25～26
約18:1	0	2	三　生命經過死而復活的過程─為著繁增　十八1～二十13，17
約18:1	0	3	1　自願且勇敢交出自己，以經過過程　十八1～11
約18:12	0	3	2　在祂的尊嚴中為人類所察驗　十八12～38上
約18:12	0	4	a　為猶太人按著他們宗教中神的律法所察驗　12～27
約18:28	0	4	b　為外邦人按著他們政治上人的法律所察驗　28～38上
約18:38	13	3	3　為盲目的宗教，同著黑暗的政治，以人的不公不義所判刑　十八38下～十九16
約19:17	0	3	4　在神的主宰中為死亡所試驗　十九17～30
約19:31	0	3	5　在血與水中流出　十九31～37
約19:38	0	3	6　安息於人的尊貴中　十九38～42
約20:1	0	3	7　復活於神的榮耀中　二十1～13，17
約20:1	0	4	a　將舊造的表記撇在墳墓中作見證，乃由祂的欣賞者所豫備，並為祂的尋求者所發現　1～10
約20:11	0	4	b　為神差來的天使所見證　11～13
約20:14	0	4	c　產生許多弟兄，使祂的父與神成為他們的　17
約20:14	0	2	四　在復活中的生命　二十14～二一25
約20:14	0	3	1　向尋求者顯現，並升到父那裏　二十14～18
約20:19	0	3	2　成為那靈而來，被吹入信徒裏面　二十19～25
約20:26	0	3	3　同信徒聚集　二十26～31
約21:1	0	3	4　同信徒行動生活　二一1～14
約21:15	0	3	5　同信徒工作行走　二一15～25
徒1:1	0	1	壹　引言　一1～2
徒1:3	0	1	貳　豫備　一3～26
徒1:3	0	2	一　基督的豫備　3～8
徒1:3	0	3	1　講說神國的事　3
徒1:4	0	3	2　囑咐等候靈浸　4～8
徒1:9	0	2	二　基督的升天　9～11
徒1:12	0	2	三　門徒的豫備　12～26
徒1:12	0	3	1　持續禱告　12～14
徒1:15	0	3	2　揀選馬提亞　15～26
徒2:1	0	1	參　繁殖　二1～二八31
徒2:1	0	2	一　在猶太地，藉著彼得一班同工的職事　二1～十二24
徒2:1	0	3	1　猶太信徒的靈浸　二1～13
徒2:1	0	4	a　聖靈經綸的充溢　1～4
徒2:5	0	4	b　百姓的驚訝　5～13
徒2:14	0	3	2　彼得對猶太人的第一篇信息　二14～41
徒2:14	0	4	a　解釋聖靈經綸的充溢　14～21
徒2:22	0	4	b　見證作工、受死、復活、並升天的耶穌　22～36
徒2:37	0	4	c　勸導受靈感的人悔改、受浸、得救　37～41
徒2:42	0	3	3　召會生活的開始　二42～47
徒3:1	0	3	4　彼得對猶太人的第二篇信息　三1～26
徒3:1	0	4	a　瘸者得醫　1～10
徒3:11	0	4	b　信息　11～26
徒3:11	0	5	（一）　見證受死並復活的耶穌　11～18
徒3:19	0	5	（二）　勸人回轉，有分於升天並再來的基督　19～26
徒4:1	0	3	5　猶太宗教徒逼迫的開始　四1～31
徒4:1	0	4	a　議會的捉拿並審問　1～7
徒4:8	0	4	b　彼得的見證　8～12
徒4:13	0	4	c　議會的禁止　13～18
徒4:19	0	4	d　彼得和約翰的答言　19～20
徒4:21	0	4	e　議會的釋放　21～22
徒4:23	0	4	f　召會的讚美與禱告　23～31
徒4:32	0	3	6　召會生活的延續　四32～五11
徒4:32	0	4	a　積極的一面　四32～37
徒5:1	0	4	b　消極的一面　五1～11
徒5:12	0	3	7　使徒的神蹟奇事　五12～16
徒5:17	0	3	8　猶太宗教徒逼迫的延續　五17～42
徒5:17	0	4	a　議會的捉拿與主的解救　17～28
徒5:29	0	4	b　使徒的見證　29～32
徒5:33	0	4	c　議會的禁止與釋放　33～40
徒5:41	0	4	d　使徒的歡樂與忠信　41～42
徒6:1	0	3	9　七位執事的選立　六1～6
徒6:7	0	3	10　神話語的擴長與門徒的繁增　六7
徒6:8	0	3	11　猶太宗教徒逼迫的擴增　六8～八3
徒6:8	0	4	a　司提反的殉道　六8～七60
徒6:8	0	5	（一）　受抵擋、被捉拿　六8～七1
徒7:2	0	5	（二）　作見證　七2～53
徒7:54	0	5	（三）　被殺害　七54～60
徒8:1	0	4	b　耶路撒冷召會的遭害　八1～3
徒8:4	0	3	12　腓利的傳揚　八4～40
徒8:4	0	4	a　在撒瑪利亞　4～25
徒8:4	0	5	（一）　傳講基督與神的國　4～13
徒8:14	0	5	（二）　為使徒所印證　14～25
徒8:26	0	4	b　向埃提阿伯人　26～39
徒8:40	0	4	c　直到該撒利亞　40
徒9:1	0	3	13　掃羅的轉變　九1～30
徒9:1	0	4	a　主的顯現　1～9
徒9:10	0	4	b　亞拿尼亞的印證　10～19
徒9:20	0	4	c　開始的傳揚　20～30
徒9:31	0	3	14　召會的建造與繁增　九31
徒9:32	0	3	15　彼得職事的擴展　九32～43
徒9:32	0	4	a　到呂大　32～35
徒9:36	0	4	b　到約帕　36～43
徒10:1	0	3	16　向外邦人的擴展　十1～十一18
徒10:1	0	4	a　哥尼流的異象　十1～8
徒10:9	0	4	b　彼得的異象　十9～16
徒10:17	0	4	c　彼得的造訪　十17～33
徒10:34	0	4	d　彼得的信息　十34～43
徒10:44	0	4	e　外邦信徒的靈浸　十44～46
徒10:47	0	4	f　外邦信徒的水浸　十47～48
徒11:1	0	4	g　使徒和猶太眾弟兄的承認　十一1～18
徒11:19	0	3	17　向腓尼基、居比路、並安提阿的擴展　十一19～26
徒11:27	0	3	18　安提阿的召會與猶太聖徒的交通　十一27～30
徒12:1	0	3	19　羅馬政客的逼迫　十二1～23
徒12:1	0	4	a　幾個信徒的受害和雅各的殉道　1～2
徒12:3	0	4	b　彼得的被捉　3～19上
徒12:3	0	5	（一）　監中的看守　3～5上
徒12:5	10	5	（二）　主的拯救　5下～19上
徒12:19	14	4	c　逼迫者的命運　19下～23
徒12:24	0	3	20　神話語的擴長與繁增　十二24
徒12:25	0	2	二　在外邦地，藉著保羅一班同工的職事　十二25～二八31
徒12:25	0	3	1　引進　十二25
徒13:1	0	3	2　聖靈的分別並差遣　十三1～4上
徒13:4	9	3	3　第一次的行程　十三4下～十四28
徒13:4	9	4	a　到居比路的帕弗　十三4下～12
徒13:13	0	4	b　到彼西底的安提阿　十三13～52
徒13:13	0	5	（一）　傳講釘死並復活的基督為救主　13～43
徒13:44	0	5	（二）　為猶太人所棄絕　44～52
徒14:1	0	4	c　到以哥念　十四1～5
徒14:6	0	4	d　到呂高尼的路司得和特庇　十四6～21上
徒14:21	19	4	e　回程堅固門徒，並選立長老　十四21下～25上
徒14:25	7	4	f　回安提阿，結束第一次的行程　十四25下～28
徒15:1	0	3	4　割禮的攪擾　十五1～34
徒15:1	0	4	a　使徒和長老在耶路撒冷的會議　1～21
徒15:22	0	4	b　決議　22～34
徒15:35	0	3	5　巴拿巴的難處　十五35～39
徒15:40	0	3	6　第二次的行程　十五40～十八22
徒15:40	0	4	a　到敘利亞和基利家　十五40～41
徒16:1	0	4	b　到特庇和路司得　十六1～5
徒16:6	0	4	c　到馬其頓的腓立比　十六6～40
徒16:6	0	5	（一）　馬其頓人的異象　6～10
徒16:11	0	5	（二）　傳講及其果效　11～18
徒16:19	0	5	（三）　被囚與得釋　19～40
徒17:1	0	4	d　到帖撒羅尼迦　十七1～9
徒17:10	0	4	e　到庇哩亞　十七10～13
徒17:14	0	4	f　到雅典　十七14～34
徒17:14	0	5	（一）　弟兄們的打發　14～15
徒17:16	0	5	（二）　與猶太人的辯論，並與外邦哲學家的爭論　16～18
徒17:19	0	5	（三）　在亞略巴古的傳講　19～34
徒18:1	0	4	g　到哥林多　十八1～17
徒18:1	0	5	（一）　與亞居拉和百基拉的相遇　1～4
徒18:5	0	5	（二）　對猶太人的傳講，並他們的抵擋　5～17
徒18:18	0	4	h　到以弗所　十八18～21上
徒18:21	23	4	i　再回安提阿，結束第二次的行程　十八21下～22
徒18:23	0	3	7　第三次的行程　十八23～二一17
徒18:23	0	4	a　到加拉太地區和弗呂家　十八23
徒18:24	0	4	b　再到以弗所　十八24～十九41
徒18:24	0	5	（一）　亞波羅的職事　十八24～28
徒19:1	0	5	（二）　亞波羅職事缺欠的補滿　十九1～7
徒19:8	0	5	（三）　盡職及其果效─主的話擴長，而且得勝　十九8～20
徒19:21	0	5	（四）　去耶路撒冷和羅馬的定意　十九21～22
徒19:23	0	5	（五）　擾亂　十九23～41
徒19:23	0	6	（1）　原因　23～34
徒19:35	0	6	（2）　亂定　35～41
徒20:1	0	4	c　經過馬其頓和希臘到特羅亞　二十1～12
徒20:13	0	4	d　到米利都，會以弗所召會的長老　二十13～38
徒21:1	0	4	e　到推羅　二一1～6
徒21:7	0	4	f　到多利買　二一7
徒21:8	0	4	g　到該撒利亞　二一8～14
徒21:15	0	4	h　到耶路撒冷，結束第三次的行程　二一15～17
徒21:18	0	3	8　猶太教的反面影響　二一18～26
徒21:27	0	3	9　猶太人終極的逼迫　二一27～二六32
徒21:27	0	4	a　抵擋保羅的暴動　二一27～二三15
徒21:27	0	5	（一）　猶太人的捉拿　二一27～30
徒21:31	0	5	（二）　羅馬千夫長的干豫　二一31～39
徒21:40	0	5	（三）　暴動者前的分訴　二一40～二二21
徒22:22	0	5	（四）　羅馬人的捆綁　二二22～29
徒22:30	0	5	（五）　議會前的分訴　二二30～二三10
徒23:11	0	5	（六）　主的鼓勵　二三11
徒23:12	0	5	（七）　猶太人的陰謀　二三12～15
徒23:16	0	4	b　千夫長向羅馬總督腓力斯的解送　二三16～二四27
徒23:16	0	5	（一）　解送的祕密　二三16～35
徒24:1	0	5	（二）　猶太辯士的控告　二四1～9
徒24:10	0	5	（三）　腓力斯前的分訴　二四10～21
徒24:22	0	5	（四）　腐敗不公羅馬政客的扣留監管　二四22～27
徒25:1	0	4	c　腓力斯向繼任者非斯都的轉留　二五1～二六32
徒25:1	0	5	（一）　猶太首領要求的被拒　二五1～5
徒25:6	0	5	（二）　非斯都前的分訴　二五6～8
徒25:9	0	5	（三）　向該撒的上訴　二五9～12
徒25:13	0	5	（四）　非斯都向亞基帕王的題說　二五13～27
徒26:1	0	5	（五）　亞基帕王前的分訴　二六1～29
徒26:30	0	5	（六）　亞基帕王的判斷　二六30～32
徒27:1	0	3	10　第四次的行程　二七1～二八31
徒27:1	0	4	a　到佳澳　二七1～12
徒27:13	0	4	b　颶風與保羅對安全的豫告　二七13～26
徒27:27	0	4	c　保羅的超越、智慧對水手兵丁的卑鄙、愚昧　二七27～44
徒28:1	0	4	d　到米利大島　二八1～10
徒28:11	0	4	e　到羅馬，結束第四次的行程　二八11～31
徒28:11	0	5	（一）　從敘拉古到羅馬　11～16
徒28:17	0	5	（二）　與猶太首領的接觸　17～22
徒28:23	0	5	（三）　在羅馬的盡職　23～31
羅1:1	0	1	壹　引言─神的福音　一1～17
羅1:1	0	2	一　在經上所應許的　1～2
羅1:3	0	2	二　論到基督　3～4
羅1:5	0	2	三　為蒙召的人所接受　5～7
羅1:8	0	2	四　熱切傳揚，與因信同得者　8～15
羅1:16	0	2	五　神救恩的大能　16～17
羅1:18	0	1	貳　定罪　一18～三20
羅1:18	0	2	一　一般的─對人類　一18～32
羅2:1	0	2	二　專一的─對自義者　二1～16
羅2:17	0	2	三　特別的─對宗教徒　二17～三8
羅3:9	0	2	四　總括的─對普世的人　三9～20
羅3:21	0	1	參　稱義　三21～五11
羅3:21	0	2	一　界說　三21～31
羅4:1	0	2	二　表樣　四1～25
羅5:1	0	2	三　結果　五1～11
羅5:12	0	1	肆　聖別　五12～八13
羅5:12	0	2	一　在基督裏的恩賜，遠超過在亞當裏的承受─兩個人，兩種行為，兩樣結果，帶著四件作王的事物　五12～21
羅6:1	0	2	二　與基督的聯合　六1～23
羅6:1	0	3	1　聯合　1～5
羅6:6	0	3	2　知道　6～10
羅6:11	0	3	3　算　11
羅6:12	0	3	4　獻　12～23
羅7:1	0	2	三　肉體中內住之罪的捆綁　七1～25
羅7:1	0	3	1　兩個丈夫　1～6
羅7:7	0	3	2　三個律　7～25
羅8:1	0	2	四　在靈裏內住基督的釋放　八1～13
羅8:1	0	3	1　生命之靈的律　1～6
羅8:7	0	3	2　內住的基督　7～13
羅8:14	0	1	伍　得榮　八14～39
羅8:14	0	2	一　榮耀的後嗣　14～27
羅8:28	0	2	二　模成的後嗣　28～30
羅8:31	0	2	三　與神的愛不能隔絕的後嗣　31～39
羅9:1	0	1	陸　揀選　九1～十一36
羅9:1	0	2	一　神的揀選，我們的定命　九1～十21
羅9:1	0	3	1　在於呼召的神　九1～13
羅9:14	0	3	2　在於神的憐憫　九14～18
羅9:19	0	3	3　在於神的主宰　九19～29
羅9:30	0	3	4　藉著那本於信的義　九30～十3
羅10:4	0	3	5　藉著基督　十4～21
羅10:4	0	4	a　為律法總結的基督　4
羅10:5	0	4	b　成肉體並復活的基督　5～7
羅10:8	0	4	c　相近的基督　8
羅10:9	0	4	d　被相信並呼求的基督　9～13
羅10:14	0	4	e　被傳講並聽見的基督　14～15
羅10:16	0	4	f　被接受或棄絕的基督　16～21
羅11:1	0	2	二　神揀選中的經綸　十一1～32
羅11:1	0	3	1　恩典所保留的餘數　1～10
羅11:11	0	3	2　以色列失腳，外邦得救　11～22
羅11:23	0	3	3　外邦蒙憐憫，以色列得復興　23～32
羅11:33	0	2	三　對神揀選的讚美　十一33～36
羅12:1	0	1	柒　變化　十二1～十五13
羅12:1	0	2	一　在實行身體的生活上　十二1～21
羅12:1	0	3	1　藉著獻上身體　1
羅12:2	0	3	2　藉著更新心思　2～3
羅12:4	0	3	3　藉著運用恩賜　4～8
羅12:9	0	3	4　藉著活出最高美德的生活　9～21
羅13:1	0	2	二　在服從權柄上　十三1～7
羅13:8	0	2	三　在實行愛上　十三8～10
羅13:11	0	2	四　在從事爭戰上　十三11～14
羅14:1	0	2	五　在接納信徒上　十四1～十五13
羅14:1	0	3	1　照著神的接納　十四1～9
羅14:10	0	3	2　在審判臺的光中　十四10～12
羅14:13	0	3	3　在愛的原則裏　十四13～15
羅14:16	0	3	4　為著國度的生活　十四16～23
羅15:1	0	3	5　照著基督　十五1～13
羅15:14	0	1	捌　結語─福音的成就　十五14～十六27
羅15:14	0	2	一　獻上的外邦人　十五14～24
羅15:25	0	2	二　外邦與猶太聖徒的交通　十五25～33
羅16:1	0	2	三　眾召會之間的關切　十六1～24
羅16:25	0	2	四　結束的讚美　十六25～27
林前1:1	0	1	壹　引言─起初的恩賜，與有分於基督　一1～9
林前1:10	0	1	貳　對付分裂　一10～四21
林前1:10	0	2	一　基督和祂的十字架，是召會中所有難處的惟一解答　一10～31
林前1:10	0	3	1　基督不是分開的　10～17
林前1:18	0	3	2　釘十字架的基督，是神的能力和神的智慧　18～25
林前1:26	0	3	3　基督是我們的智慧：公義、聖別和救贖　26～31
林前2:1	0	2	二　釘十字架的基督，是使徒職事的中心　二1～16
林前2:1	0	3	1　使徒盡職事的路　1～5
林前2:6	0	3	2　神奧祕中的智慧─基督是神深奧的事　6～10
林前2:11	0	3	3　用屬靈的話，向屬靈的人，解釋屬靈的事　11～16
林前3:1	0	2	三　召會是神的耕地和建築　三1～23
林前3:1	0	3	1　需要在生命中長大　1～9
林前3:10	0	3	2　用變化的材料，不用天然的東西建造　10～17
林前3:18	0	3	3　萬有都是為著召會，召會是為著基督　18～23
林前4:1	0	2	四　神的奧祕的管家　四1～21
林前4:1	0	3	1　基督忠信的僕人　1～5
林前4:6	0	3	2　對天使和世人的一臺戲　6～9
林前4:10	0	3	3　世界上的污穢，與萬物中的渣滓　10～13
林前4:14	0	3	4　生身的父　14～21
林前5:1	0	1	參　對付惡弟兄　五1～13
林前5:1	0	2	一　惡人受審判　1～5
林前5:6	0	2	二　守除酵節　6～8
林前5:9	0	2	三　將惡人從召會中挪開　9～13
林前6:1	0	1	肆　對付信徒間的訴訟　六1～11
林前6:1	0	2	一　召會的審判　1～8
林前6:9	0	2	二　沒有資格承受神國的人　9～11
林前6:12	0	1	伍　對付濫用自由　六12～20
林前6:12	0	2	一　基本的原則　12
林前6:13	0	2	二　身體的用處　13～20
林前7:1	0	1	陸　對付婚姻的生活　七1～40
林前7:1	0	2	一　關於不結婚的恩賜　1～7
林前7:8	0	2	二　關於未婚者與寡婦　8～9
林前7:10	0	2	三　關於已婚者　10～16
林前7:17	0	2	四　留在蒙召的身分裏　17～24
林前7:25	0	2	五　關於守童身　25～38
林前7:39	0	2	六　關於再婚　39～40
林前8:1	0	1	柒　對付喫祭偶像之物　八1～十一1
林前8:1	0	2	一　不妥當的喫　八1～13
林前8:1	0	3	1　不照著能建造的愛　1～3
林前8:4	0	3	2　偶像算不得甚麼　4～7
林前8:8	0	3	3　食物不能將我們薦與神　8
林前8:9	0	3	4　絆倒軟弱的弟兄　9～13
林前9:1	0	2	二　使徒的表白　九1～27
林前9:1	0	3	1　他的資格　1～3
林前9:4	0	3	2　他的權利　4～15
林前9:16	0	3	3　他的忠信　16～23
林前9:24	0	3	4　他的努力　24～27
林前10:1	0	2	三　以色列人的豫表　十1～13
林前10:1	0	3	1　受浸歸了摩西　1～2
林前10:3	0	3	2　喫一樣的靈食，喝一樣的靈水　3～4
林前10:5	0	3	3　大都倒斃在曠野　5～13
林前10:14	0	2	四　保守主的筵席脫離拜偶像　十14～22
林前10:14	0	3	1　主的血和主的身體的交通　14～18
林前10:19	0	3	2　主的筵席和鬼的筵席的分別　19～22
林前10:23	0	2	五　正當的喫　十23～十一1
林前10:23	0	3	1　建造別人，尋求別人的益處　十23～30，32～33
林前10:31	0	3	2　榮耀神　十31
林前11:1	0	3	3　效法使徒　十一1
林前11:2	0	1	捌　對付蒙頭　十一2～16
林前11:2	0	2	一　宇宙中的頭　2～3
林前11:4	0	2	二　蒙頭　4～6
林前11:7	0	2	三　原因　7～15
林前11:16	0	2	四　沒有強辯　16
林前11:17	0	1	玖　對付主的晚餐　十一17～34
林前11:17	0	2	一　對混亂的責備　17～22
林前11:23	0	2	二　定義的復習　23～26
林前11:27	0	2	三　察驗和分辨的需要　27～29
林前11:30	0	2	四　主的管教　30～34
林前12:1	0	1	拾　對付恩賜　十二1～十四40
林前12:1	0	2	一　管治的原則　十二1～3
林前12:4	0	2	二　那靈的表顯　十二4～11
林前12:12	0	2	三　一個身體，許多肢體　十二12～27
林前12:12	0	3	1　身體的構成　12～13
林前12:14	0	3	2　肢體的不可缺　14～22
林前12:23	0	3	3　肢體的調和　23～27
林前12:28	0	2	四　恩賜的設立　十二28～31
林前13:1	0	2	五　極超越的路─為著運用恩賜　十三1～13
林前13:1	0	3	1　愛的需要　1～3
林前13:4	0	3	2　愛的定義　4～7
林前13:8	0	3	3　愛的超越　8～13
林前14:1	0	2	六　申言的超越　十四1～25
林前14:1	0	3	1　更多建造召會　1～19
林前14:20	0	3	2　更多勸服人　20～25
林前14:26	0	2	七　在召會聚會中的盡功用　十四26～40
林前14:26	0	3	1　關於各人　26
林前14:27	0	3	2　關於說方言　27～28
林前14:29	0	3	3　關於申言　29～33
林前14:34	0	3	4　關於婦女　34～38
林前14:39	0	3	5　結論　39～40
林前15:1	0	1	拾壹　對付復活　十五1～58
林前15:1	0	2	一　基督的復活　1～11
林前15:1	0	3	1　被傳揚　1～4
林前15:5	0	3	2　被見證　5～11
林前15:12	0	2	二　對“沒有復活”的反駁　12～19
林前15:20	0	2	三　復活的歷史　20～28
林前15:29	0	2	四　復活的道德影響　29～34
林前15:35	0	2	五　復活的定義　35～49
林前15:35	0	3	1　復活的身體　35～44
林前15:45	0	3	2　屬靈的身體　45～49
林前15:50	0	2	六　復活的得勝　50～58
林前15:50	0	3	1　不朽壞勝過朽壞　50～53
林前15:54	0	3	2　生命勝過死亡　54～57
林前15:58	0	3	3　為主工作的動機　58
林前16:1	0	1	拾貳　對付收集餽送　十六1～9
林前16:1	0	2	一　使徒的吩咐　1～3
林前16:4	0	2	二　使徒的意願　4～9
林前16:10	0	1	拾參　結語　十六10～24
林前16:10	0	2	一　親切的囑咐　10～18
林前16:19	0	2	二　問安與警告　19～24
林後1:1	0	1	壹　引言　一1～二11
林後1:1	0	2	一　問安　一1～2
林後1:3	0	2	二　神的安慰　一3～11
林後1:3	0	3	1　受安慰以安慰人　3～4
林後1:5	0	3	2　被壓絕望　5～11
林後1:12	0	2	三　使徒們的誇耀　一12～14
林後1:15	0	2	四　關於使徒的來到　一15～二11
林後1:15	0	3	1　與基督是一　一15～22
林後1:23	0	3	2　耽延的原因　一23～二11
林後1:23	0	4	a　寬容哥林多人　一23～24
林後2:1	0	4	b　不帶憂而來　二1～11
林後2:12	0	1	貳　新約的職事　二12～三11
林後2:12	0	2	一　得勝與功效　二12～17
林後3:1	0	2	二　功用與資格　三1～6
林後3:7	0	2	三　榮光與卓越　三7～11
林後3:12	0	1	參　新約的執事　三12～七16
林後3:12	0	2	一　為主以祂作賜生命並變化人的靈所組成　三12～18
林後4:1	0	2	二　行事為人為著照耀基督的福音　四1～6
林後4:7	0	2	三　靠著瓦器裏寶貝的能力，活出釘死的生活，彰顯復活的生命　四7～18
林後5:1	0	2	四　渴望穿上改變形狀的身體　五1～8
林後5:9	0	2	五　懷著雄心，要向主活著，以討主喜悅　五9～15
林後5:16	0	2	六　為著主的新造，受了和好職事的託付　五16～21
林後6:1	0	2	七　藉著適應一切的生命與神同工　六1～七16
林後6:1	0	3	1　和好職事的工作　六1～2
林後6:3	0	3	2　和好職事的彀用生命　六3～13
林後6:14	0	3	3　和好職事的率直勸勉　六14～七1
林後7:2	0	3	4　使徒供應的生命對信徒的親密關切　七2～16
林後8:1	0	1	肆　使徒關於供給缺乏聖徒的交通　八1～九15
林後8:1	0	2	一　來自四方的恩典　八1～15
林後8:16	0	2	二　留心作善美可敬的事　八16～24
林後9:1	0	2	三　給與成為祝福，不成為貪婪　九1～5
林後9:6	0	2	四　為著收穫義果而撒種　九6～15
林後10:1	0	1	伍　保羅為他使徒權柄的表白　十1～十三10
林後10:1	0	2	一　藉著他爭戰的方法　十1～6
林後10:7	0	2	二　藉著神尺度的度量　十7～18
林後11:1	0	2	三　藉著他為基督所起的妒忌　十一1～15
林後11:16	0	2	四　藉著他被迫的誇口　十一16～十二18
林後11:16	0	3	1　誇他的身分、勞苦和患難　十一16～33
林後12:1	0	3	2　誇主給他的異象和啟示　十二1～10
林後12:11	0	3	3　誇他使徒職分的標記　十二11～18
林後12:19	0	2	五　藉著所賜給他的權柄　十二19～十三10
林後13:11	0	1	陸　結語　十三11～14
林後13:11	0	2	一　末了的勸勉　11～12
林後13:13	0	2	二　問安　13
林後13:14	0	2	三　祝福　14
加1:1	0	1	壹　引言─神的旨意要把我們從這邪惡宗教的世代救出來　一1～5
加1:6	0	1	貳　使徒福音的啟示　一6～四31
加1:6	0	2	一　神的兒子與人的宗教相對　一6～二10
加2:11	0	2	二　基督頂替律法　二11～21
加3:1	0	2	三　靠信基督的那靈與靠行律法的肉體相對　三1～四31
加3:1	0	3	1　那靈是因信基督所得應許之福　三1～14
加3:15	0	3	2　律法是承受應許者的監護人　三15～29
加4:1	0	3	3　兒子名分的靈頂替律法的監護　四1～7
加4:8	0	3	4　基督需要成形在承受應許者的裏面　四8～20
加4:21	0	3	5　按靈生的兒女，與按肉體生者相對　四21～31
加5:1	0	1	參　神兒女的行事為人　五1～六17
加5:1	0	2	一　不要在律法下受奴役的軛挾制　五1
加5:2	0	2	二　不要與基督隔絕　五2～12
加5:13	0	2	三　不可放縱肉體，倒要憑愛服事　五13～15
加5:16	0	2	四　憑著靈，不憑著肉體而行　五16～26
加6:1	0	2	五　用溫柔的靈挽回墮落者　六1
加6:2	0	2	六　完全滿足基督的律法　六2～6
加6:7	0	2	七　不要為著肉體，乃要為著那靈撒種　六7～10
加6:11	0	2	八　向宗教世界已經釘了十字架，以活出新造　六11～16
加6:17	0	2	九　帶著耶穌的烙印　六17
加6:18	0	1	肆　結語─我們主耶穌基督的恩與我們的靈同在　六18
弗1:1	0	1	壹　引言　一1～2
弗1:3	0	1	貳　召會在基督裏所得的福分與地位　一3～三21
弗1:3	0	2	一　神給召會的福分　一3～14
弗1:3	0	3	1　父的揀選和豫定，說出神永遠的定旨　3～6
弗1:7	0	3	2　子的救贖，說出神永遠定旨的完成　7～12
弗1:13	0	3	3　靈的印記和憑質，說出神所完成之定旨的應用　13～14
弗1:15	0	2	二　使徒為召會得啟示的禱告　一15～23
弗1:15	0	3	1　使徒為召會的感謝　15～16
弗1:17	0	3	2　使徒為召會的祈求，要聖徒看見：　17～23
弗1:17	0	4	a　神呼召的盼望　17～18上
弗1:18	23	4	b　神在聖徒中之基業的榮耀　18下
弗1:19	0	4	c　神向著我們的能力　19～21
弗1:22	0	4	d　召會─身體，基督的豐滿　22～23
弗2:1	0	2	三　召會的產生與建造　二1～22
弗2:1	0	3	1　召會的產生　1～10
弗2:11	0	3	2　召會的建造　11～22
弗3:1	0	2	四　恩典的管家職分，與關於召會之奧祕的啟示　三1～13
弗3:1	0	3	1　管家的職分　1～2，7～8，13
弗3:3	0	3	2　奧祕的啟示　3～6，9～12
弗3:14	0	2	五　使徒為召會求經歷的禱告　三14～19
弗3:14	0	3	1　要聖徒得加強到裏面的人裏　14～16
弗3:17	0	3	2　要基督安家在聖徒心裏　17上
弗3:17	15	3	3　要聖徒領略基督的量度　17下～18
弗3:19	0	3	4　要聖徒認識基督的愛　19上
弗3:19	13	3	5　要聖徒被充滿，成為神的豐滿　19下
弗3:20	0	2	六　使徒為著神在召會中，並在基督裏得榮耀，向神的讚美　三20～21
弗4:1	0	1	參　召會在聖靈裏需要的生活與職責　四1～六20
弗4:1	0	2	一　在基督身體裏需要的生活與職責　四1～16
弗4:1	0	3	1　保守那靈的一　1～6
弗4:7	0	3	2　恩賜的盡功用，與基督身體的長大並建造　7～16
弗4:17	0	2	二　在日常行事上需要的生活　四17～五21
弗4:17	0	3	1　基本的原則　四17～24
弗4:25	0	3	2　生活的細節　四25～五21
弗5:22	0	2	三　在倫常關係上需要的生活　五22～六9
弗5:22	0	3	1　妻子與丈夫之間　五22～33
弗5:23	0	3	（召會與基督的豫表　23～32）
弗6:1	0	3	2　兒女與父母之間　六1～4
弗6:5	0	3	3　奴僕與主人之間　六5～9
弗6:10	0	2	四　對付屬靈仇敵需要的爭戰　六10～20
弗6:21	0	1	肆　結語　六21～24
弗6:21	0	2	一　推薦　21～22
弗6:23	0	2	二　祝福　23～24
腓1:1	0	1	壹　引言　一1～2
腓1:3	0	1	貳　活基督以顯大基督　一3～30
腓1:3	0	2	一　推廣福音的交通　3～18
腓1:19	0	2	二　藉著活基督顯大基督　19～26
腓1:27	0	2	三　同魂與福音一齊努力　27～30
腓2:1	0	1	參　以基督為榜樣、為表明　二1～30
腓2:1	0	2	一　魂裏聯結，思念同一　1～4
腓2:5	0	2	二　以基督為榜樣　5～11
腓2:12	0	2	三　作成救恩以表明基督　12～16
腓2:17	0	2	四　信心祭物上的奠祭　17～18
腓2:19	0	2	五　使徒對信徒的關切　19～30
腓3:1	0	1	肆　追求基督以得著基督　三1～21
腓3:1	0	2	一　憑那靈事奉，不信靠肉體　1～6
腓3:7	0	2	二　因基督看萬事為虧損　7～11
腓3:12	0	2	三　竭力追求以取得基督　12～16
腓3:17	0	2	四　為著身體改變等待基督　17～21
腓4:1	0	1	伍　以基督為滿足的祕訣　四1～20
腓4:1	0	2	一　思念相同並在主裏喜樂　1～4
腓4:5	0	2	二　生活中優越的美德　5～9
腓4:10	0	2	三　信徒與使徒的交通，以及使徒知足的祕訣　10～20
腓4:21	0	1	陸　結語　四21～23
西1:1	0	1	壹　引言　一1～8
西1:1	0	2	一　使徒的問安　1～2
西1:3	0	2	二　使徒的感謝　3～8
西1:9	0	1	貳　基督─居首位並包羅萬有者，神的中心與普及　一9～三11
西1:9	0	2	一　聖徒的業分　一9～14
西1:15	0	2	二　神的像和在創造並復活裏的首生者　一15～23
西1:24	0	2	三　神經綸的奧祕　一24～29
西2:1	0	2	四　神的奧祕　二1～7
西2:8	0	2	五　一切影兒的實體　二8～23
西3:1	0	2	六　聖徒的生命　三1～4
西3:5	0	2	七　新人的成分　三5～11
西3:12	0	1	參　與基督聯合的生活　三12～四6
西3:12	0	2	一　基督仲裁的平安　三12～15
西3:16	0	2	二　基督內住的話　三16～17
西3:18	0	2	三　基督在人倫中的彰顯　三18～四1
西4:2	0	2	四　持續的禱告與智慧的行事　四2～6
西4:7	0	1	肆　結語　四7～18
西4:7	0	2	一　使徒的交通　7～17
西4:18	0	2	二　使徒的問安　18
帖前1:1	0	1	壹　引言　一1
帖前1:2	0	1	貳　內容─為著召會的聖別生活　一2～五24
帖前1:2	0	2	一　其結構　一2～3
帖前1:4	0	2	二　其起源　一4～10
帖前2:1	0	2	三　其撫育　二1～20
帖前2:1	0	3	1　乳養之母與勸導之父的照顧　1～12
帖前2:13	0	3	2　照顧的賞賜　13～20
帖前3:1	0	2	四　其堅固　三1～13
帖前3:1	0	3	1　為著信與愛的鼓勵　1～12
帖前3:13	0	3	2　以盼望鼓勵　13
帖前4:1	0	2	五　其勸勉　四1～12
帖前4:1	0	3	1　聖別對淫亂　1～8
帖前4:9	0	3	2　弟兄的相愛　9～10
帖前4:11	0	3	3　得體的行事　11～12
帖前4:13	0	2	六　其盼望　四13～18
帖前4:13	0	3	1　為死了的信徒　13～14
帖前4:15	0	3	2　為活著還存留的信徒　15～18
帖前5:1	0	2	七　其儆醒與謹守　五1～11
帖前5:1	0	3	1　主的日子來臨如賊　1～3
帖前5:4	0	3	2　信、愛、望的保障　4～11
帖前5:12	0	2	八　其合作　五12～24
帖前5:12	0	3	1　信徒的合作─活出屬靈聖別的生活　12～22
帖前5:23	0	3	2　神的工作─聖別並保守信徒　23～24
帖前5:25	0	1	參　結語　五25～28
帖後1:1	0	1	壹　引言　一1～2
帖後1:3	0	1	貳　內容─為著召會之聖別生活的鼓勵與改正　一3～三15
帖後1:3	0	2	一　鼓勵─過配得神國的生活　一3～12
帖後2:1	0	2	二　改正─對主來之日的謬見　二1～12
帖後2:13	0	2	三　進一步的鼓勵　二13～三5
帖後3:6	0	2	四　對不守規矩者的改正　三6～15
帖後3:16	0	1	參　結語　三16～18
提前1:1	0	1	壹　引言　一1～2
提前1:3	0	1	貳　神的經綸與不同的教訓相對　一3～17
提前1:18	0	1	參　持守信仰所需的信心與良心　一18～20
提前2:1	0	1	肆　為人得救的禱告　二1～7
提前2:8	0	1	伍　召會中正常的生活　二8～15
提前3:1	0	1	陸　召會行政中的監督與執事　三1～13
提前3:14	0	1	柒　召會的功用─作活神的家並真理的柱石與根基　三14～16
提前4:1	0	1	捌　召會敗落的豫言　四1～5
提前4:6	0	1	玖　基督的好執事　四6～16
提前5:1	0	1	拾　對各種年齡的聖徒　五1～16
提前5:17	0	1	拾壹　對長老　五17～25
提前6:1	0	1	拾貳　對奴僕和貪財者　六1～10
提前6:11	0	1	拾參　屬神的人　六11～21上
提前6:21	21	1	拾肆　結語　六21下
提後1:1	0	1	壹　引言　一1～2
提後1:3	0	1	貳　為著豫防劑的神聖供備─清潔的良心、無偽的信心、神聖的恩賜、剛強的靈、永遠的恩典、不能朽壞的生命、健康的話、與內住的靈　一3～14
提後1:15	0	1	參　敗落的基本因素─離棄使徒和他的職事　一15～18
提後2:1	0	1	肆　豫防者─教師、精兵、競賽者、農夫並工人　二1～15
提後2:16	0	1	伍　敗落的蔓衍─像毒瘡一樣　二16～26
提後3:1	0	1	陸　敗落的惡化─成了迷惑人的艱難時期　三1～13
提後3:14	0	1	柒　豫防的抗毒劑─神聖的話　三14～17
提後4:1	0	1	捌　對豫防者的鼓勵─要來的獎賞　四1～8
提後4:9	0	1	玖　敗落的結果─愛現今的世代，並行許多的惡事　四9～18
提後4:19	0	1	拾　結語　四19～22
多1:1	0	1	壹　引言　一1～4
多1:5	0	1	貳　建立召會中的權柄　一5～9
多1:10	0	1	參　對付猶太教和智慧派的影響　一10～16
多2:1	0	1	肆　帶各種年齡的聖徒過有秩序的生活　二1～8
多2:9	0	1	伍　囑咐奴僕在奴役的社會制度中，要行得好　二9～15
多3:1	0	1	陸　囑咐聖徒要與政權保持良好關係　三1～8
多3:9	0	1	柒　對付分門結黨的人　三9～11
多3:12	0	1	捌　結語　三12～15
門1:1	0	1	壹　引言　1～3
門1:4	0	1	貳　奴僕重生為弟兄　4～16
門1:17	0	1	參　推薦弟兄給新人接納　17～22
門1:23	0	1	肆　結語　23～25
來1:1	0	1	壹　引言─神在子裏說話　一1～3
來1:4	0	1	貳　基督的超越　一4～十39
來1:4	0	2	一　超越天使　一4～二18
來1:4	0	3	1　是神的兒子─是神　一4～14
來2:1	0	3	（第一個警告─要注重論到子的話　二1～4）
來2:5	0	3	2　是人的兒子─是人　二5～18
來3:1	0	2	二　超越摩西，是配得更多榮耀與尊貴的使徒　三1～6
來3:7	0	2	（第二個警告─不要趕不上那應許的安息　三7～四13）
來4:14	0	2	三　超越亞倫　四14～七28
來4:14	0	3	1　照著麥基洗德等次的大祭司　四14～五10
來5:11	0	3	（第三個警告─要竭力前進，達到成熟　五11～六20）
來7:1	0	3	2　永久、偉大、活著、且能拯救到底的大祭司　七1～28
來8:1	0	2	四　基督的新約超越舊約　八1～十18
來8:1	0	3	1　更美應許之更美的約，同更超越的職事　八1～13
來9:1	0	3	2　更美的祭物和更美的血，同更大、更全備的帳幕　九1～十18
來10:19	0	3	（第四個警告─要向前進入至聖所，不可退縮回到猶太教　十19～39）
來11:1	0	1	參　信─獨一的路　十一1～40
來11:1	0	2	一　信的定義　1
來11:2	0	2	二　信的見證人　2～40
來12:1	0	2	（第五個警告─要奔跑賽程，不可墜落離開恩典　十二1～29）
來13:1	0	1	肆　召會生活中的美德　十三1～19
來13:1	0	2	一　六件實行的事　1～7
來13:8	0	2	二　對基督的經歷　8～15
來13:16	0	2	三　另外四件必需的事　16～19
來13:20	0	1	伍　結語　十三20～25
雅1:1	0	1	壹　引言─給散居的十二支派　一1
雅1:2	0	1	貳　基督徒之完全的實行美德　一2～五20
雅1:2	0	2	一　藉信忍受試煉　一2～12
雅1:13	0	2	二　神所生的，拒絕試誘　一13～18
雅1:19	0	2	三　藉栽種的話，照完備自由的律法，過敬畏神的生活　一19～27
雅2:1	0	2	四　在弟兄間不看外貌　二1～13
雅2:14	0	2	五　在信徒關係上本於行為的稱義　二14～26
雅3:1	0	2	六　勒住舌頭　三1～12
雅3:13	0	2	七　以智慧行事　三13～18
雅4:1	0	2	八　對付宴樂、世界與魔鬼　四1～10
雅4:11	0	2	九　不批評弟兄　四11～12
雅4:13	0	2	十　不信靠己意，只信靠主　四13～17
雅5:1	0	2	（警告富足的人　五1～6）
雅5:7	0	2	十一　恆忍等候主來　五7～11
雅5:12	0	2	十二　說話誠實，無需起誓　五12
雅5:13	0	2	十三　召會生活中健康的實行　五13～20
彼前1:1	0	1	壹　引言─給在三一神工作下，寄居的信徒　一1～2
彼前1:3	0	1	貳　三一神完全的救恩及其結果　一3～25
彼前1:3	0	2	一　父的重生─使我們有活的盼望，就是存留在諸天之上，並備妥要在末時顯出的基業　3～9
彼前1:10	0	2	二　那靈的應用─藉著申言者的豫言，並使徒的傳講　10～12
彼前1:13	0	2	三　基督的救贖─根據不能壞之種子的重生，藉著神的活話，使我們憑聖別的性情過聖別的生活，並藉聖化人之真理的潔淨而有弟兄的相愛　13～25
彼前2:1	0	1	參　生命的長大及其結果　二1～10
彼前2:1	0	2	一　靠話奶的餧養長大，以致完全得救　1～3
彼前2:4	0	2	二　變化被建成屬靈的殿，作神的居所，成為事奉神的聖別祭司體系　4～8
彼前2:9	0	2	三　宣揚呼召者的美德　9～10
彼前2:11	0	1	肆　基督徒的生活及其苦難　二11～四19
彼前2:11	0	2	一　對眾人在各面佳美品行的生活　二11～三13
彼前2:11	0	3	1　在外邦人中作寄居者　二11～12
彼前2:13	0	3	2　對人的制度　二13～17
彼前2:18	0	3	3　僕人對主人　二18～20
彼前2:21	0	3	4　基督的榜樣　二21～25
彼前3:1	0	3	5　在婚姻生活中　三1～7
彼前3:8	0	3	6　在一般生活中　三8～13
彼前3:14	0	2	二　因神旨為義受苦，如基督所行　三14～22
彼前4:1	0	2	三　用基督的心思，為著受苦武裝自己　四1～6
彼前4:7	0	2	四　作神諸般恩典的好管家　四7～11
彼前4:12	0	2	五　因有分於基督的苦難而歡樂　四12～19
彼前5:1	0	1	伍　長老的牧養及其賞賜　五1～4
彼前5:1	0	2	一　牧養人的榜樣　1～3
彼前5:4	0	2	二　牧長的賞賜　4
彼前5:5	0	1	陸　神大能的手及其目標　五5～11
彼前5:5	0	2	一　謙卑服在神大能的手下　5～9
彼前5:10	0	2	二　為全般恩典的神成全並立基　10～11
彼前5:12	0	1	柒　結語　五12～14
彼前5:12	0	2	一　神真實恩典的見證　12
彼前5:13	0	2	二　問安　13～14
彼後1:1	0	1	壹　引言─給分得同樣寶貴之信的信徒　一1～2
彼後1:3	0	1	貳　神聖的供備　一3～21
彼後1:3	0	2	一　神聖能力的分賜　3～11
彼後1:3	0	3	1　一切關於生命敬虔的事，同神的性情　3～4
彼後1:5	0	3	2　藉生命長大發展，得豐富進入永遠的國　5～11
彼後1:12	0	2	二　神聖真理的照亮　12～21
彼後1:12	0	3	1　藉使徒見證的榮耀　12～18
彼後1:19	0	3	2　藉申言者話語的亮光　19～21
彼後2:1	0	1	參　神聖的行政　二1～三16
彼後2:1	0	2	一　神對假教師的審判　二1～3
彼後2:4	0	2	二　神對天使和人的審判　二4～9
彼後2:10	0	2	三　假教師的邪惡及其在神審判下的刑罰　二10～22
彼後3:1	0	2	四　神對異端譏誚者的審判　三1～9
彼後3:10	0	2	五　神對天地的審判　三10～12
彼後3:13	0	2	六　期待為神的義所充滿的新天新地　三13
彼後3:14	0	2	七　為將來審判的準備　三14～16
彼後3:14	0	3	1　要在平安中顯於主前　14
彼後3:15	0	3	2　要得救脫離毀壞　15～16
彼後3:17	0	1	肆　結語─要防備並在主的恩典和知識上長大　三17～18
約壹1:1	0	1	壹　神聖生命的交通　一1～二11
約壹1:1	0	2	一　神聖生命的顯現　一1～2
約壹1:3	0	2	二　神聖的交通　一3～4
約壹1:5	0	2	三　神聖交通的條件　一5～二11
約壹1:5	0	3	1　認罪　一5～二2
約壹2:3	0	3	2　愛神並愛弟兄　二3～11
約壹2:12	0	1	貳　神聖膏抹的教導　二12～27
約壹2:12	0	2	一　關於神聖的三一，照著生命的長大　12～19
約壹2:20	0	2	二　為著住在三一神裏面　20～27
約壹2:28	0	1	參　神聖出生的美德　二28～五21
約壹2:28	0	2	一　實行神聖的義　二28～三10上
約壹3:10	19	2	二　實行神聖的愛　三10下～五3
約壹3:10	19	3	1　藉著神聖的生命（作神聖的種子）和神聖的靈　三10下～24
約壹4:1	0	3	2　藉著試證諸靈　四1～6
約壹4:7	0	3	3　藉著神（作至高的愛）和全備的靈　四7～五3
約壹5:4	0	2	三　勝過世界、死、罪、魔鬼和偶像　五4～21
約壹5:4	0	3	1　藉著在子裏永遠的生命　4～13
約壹5:14	0	3	2　藉著賜人生命的祈求　14～17
約壹5:18	0	3	3　藉著真神作永遠的生命　18～21
約貳1:1	0	1	壹　引言　1～3
約貳1:1	0	2	一　在真實中為著真理而愛　1～2
約貳1:3	0	2	二　在真理與愛中的恩典、憐憫與平安　3
約貳1:4	0	1	貳　在真理與愛中的行事　4～6
約貳1:4	0	2	一　在真理中　4
約貳1:5	0	2	二　在愛中　5～6
約貳1:7	0	1	參　不要有分於異端　7～11
約貳1:7	0	2	一　異端者　7～9
約貳1:10	0	2	二　不要有分於異端的工作　10～11
約貳1:12	0	1	肆　結語　12～13
約貳1:12	0	2	一　為更多的喜樂，盼有更親密的交通　12
約貳1:13	0	2	二　親愛關切的問安　13
約參1:1	0	1	壹　引言　1～4
約參1:1	0	2	一　真實的愛　1
約參1:2	0	2	二　凡事興盛，身體健康　2
約參1:3	0	2	三　在真理中行事　3～4
約參1:5	0	1	貳　接待作客旅的工人　5～8
約參1:5	0	2	一　忠信、憑愛、配得過神　5～6
約參1:7	0	2	二　成為在真理上的同工　7～8
約參1:9	0	1	參　不要效法惡，只要效法善　9～12
約參1:9	0	2	一　高舉自己、擅自專權的丟特腓─惡的樣式　9～11
約參1:12	0	2	二　有好見證的低米丟─善的榜樣　12
約參1:13	0	1	肆　結語　13～14
約參1:13	0	2	一　盼有更親密的交通　13～14上
約參1:14	16	2	二　彼此問安　14下
猶1:1	0	1	壹　引言─給那蒙召、蒙愛並蒙保守的人　1～2
猶1:3	0	1	貳　為著信仰的爭辯　3
猶1:4	0	1	參　背道者的異端　4
猶1:5	0	1	肆　對背道之審判的歷史鑑戒　5～7
猶1:8	0	1	伍　背道者的邪惡，及其在審判下的刑罰　8～19
猶1:20	0	1	陸　對信徒的囑咐　20～23
猶1:20	0	2	一　在至聖的信仰上建造自己，並活在三一神裏面　20～21
猶1:22	0	2	二　存畏懼的心，以憐憫照顧別人　22～23
猶1:24	0	1	柒　結語─願讚美歸與那能保守信徒並使信徒站在祂榮耀之前的　24～25
啟1:1	0	1	壹　引言─基督的啟示與耶穌的見證　一1～8
啟1:9	0	1	貳　“你所看見的事”　一9～20
啟1:9	0	2	一　七個金燈臺─發光的召會
啟1:9	0	2	二　人子─活的基督
啟1:9	0	2	三　七星─眾召會明亮的使者
啟2:1	0	1	參　“現在的事”─七個地方召會　二1～三22
啟2:1	0	2	一　在以弗所的召會─初期結束時的召會　二1～7
啟2:8	0	2	二　在士每拿的召會─受逼迫的召會　二8～11
啟2:12	0	2	三　在別迦摩的召會─與世聯婚的召會　二12～17
啟2:18	0	2	四　在推雅推喇的召會─背道的召會　二18～29
啟3:1	0	2	五　在撒狄的召會─改革的召會　三1～6
啟3:7	0	2	六　在非拉鐵非的召會─恢復的召會　三7～13
啟3:14	0	2	七　在老底嘉的召會─墮落的召會　三14～22
啟4:1	0	1	肆　“將要發生的事”　四1～二二5
啟4:1	0	2	一　第一段，綜觀要來的事，從基督升天到將來的永遠　四1～十一19
啟4:1	0	3	1　天上寶座周圍的景象─惟有獅子羔羊（得勝並救贖的基督）配揭開神經綸的奧祕　四1～五14
啟6:1	0	3	2　七印─神經綸的奧祕　六1～八5
啟6:1	0	4	a　第一印：白馬與騎馬者─福音廣傳　六1～2
啟6:3	0	4	b　第二印：紅馬與騎馬者─戰爭普及　六3～4
啟6:5	0	4	c　第三印：黑馬與騎馬者─饑荒增劇　六5～6
啟6:7	0	4	d　第四印：灰馬與騎馬者─死亡肆虐　六7～8
啟6:9	0	4	e　第五印：祭壇底下眾魂的呼喊─殉道聖徒從樂園求伸冤的禱告　六9～11
啟6:12	0	4	f　第六印：天地震動，大災難的起頭─對地上居民的警告　六12～17
啟7:1	0	4	g　插於第六印和第七印之間的異象　七1～17
啟7:1	0	5	（一）　十二支派中十四萬四千人受印─被揀選的以色列人在地上蒙保守　1～8
啟7:9	0	5	（二）　大批的群眾在天上的殿裏事奉神─蒙救贖的聖徒被提到天上，享受神的看顧和羔羊的牧養　9～17
啟8:1	0	4	h　第七印：帶進七號─殉道聖徒在第五印禱告的答應　八1～2
啟8:3	0	4	i　揭開第七印後天上的景象─基督作大祭司，向神獻上眾聖徒的禱告　八3～5
啟8:6	0	3	3　七號─執行神的經綸　八6～十一19
啟8:7	0	4	a　第一號：審判地　八7
啟8:8	0	4	b　第二號：審判海　八8～9
啟8:10	0	4	c　第三號：審判江河　八10～11
啟8:12	0	4	d　第四號：審判日、月、星辰　八12
啟8:13	0	4	e　第五號─第一樣災禍：審判人─撒但與敵基督合作使人受痛苦　八13～九11
啟9:12	0	4	f　第六號─第二樣災禍：進一步審判人─二萬萬馬軍殺了人類的三分之一　九12～21
啟10:1	0	4	g　插於第六號和第七號之間的異象　十1～十一13
啟10:1	0	5	（一）　基督來據有全地　十1～7
啟10:8	0	5	（二）　約翰受囑再說豫言　十8～11
啟11:1	0	5	（三）　丈量聖殿，丟棄外院─聖別並保留天上的殿；將地上的殿給了外邦人　十一1～2
啟11:3	0	5	（四）　兩個見證人─摩西和以利亞　十一3～12
啟11:13	0	5	（五）　大地震─本書中所豫言的第三次地震　十一13
啟11:14	0	4	h　第七號─基督永遠的國；由七碗組成的第三樣災禍；審判死人；賞賜眾申言者、眾聖徒和敬畏神的人；並敗壞那些敗壞地者　十一14～18
啟11:19	0	4	i　吹第七號之後天上的景象─殿開了，現出約櫃　十一19
啟12:1	0	2	二　第二段，詳述第一段所論及重要關鍵的事物　十二1～二二5
啟12:1	0	3	1　生男孩子的婦人與大紅龍─撒但　十二1～18
啟12:1	0	4	a　婦人受生產之苦　1～2
啟12:3	0	4	b　大紅龍抵擋婦人　3～4
啟12:5	0	4	c　男孩子生出，被提到神和祂的寶座那裏　5
啟12:6	0	4	d　婦人逃走　6
啟12:7	0	4	e　天上的爭戰　7～9
啟12:10	0	4	f　天上得勝的呼喊　10～12
啟12:13	0	4	g　龍逼迫婦人　13～16
啟12:17	0	4	h　龍與婦人其餘的兒女爭戰　17～18
啟13:1	0	3	2　兩個獸　十三1～18
啟13:1	0	4	a　從海中上來的獸─敵基督　1～10
啟13:11	0	4	b　從地裏上來的獸─假申言者　11～18
啟14:1	0	3	3　三種收割　十四1～20
啟14:1	0	4	a　大災難前信徒中初熟的果子　1～5
啟14:6	0	4	b　大災難中永遠的福音　6～7
啟14:8	0	4	c　大災難中宗教巴比倫的傾倒　8
啟14:9	0	4	d　警戒大災難中對敵基督的敬拜　9～12
啟14:13	0	4	e　大災難中殉道者的福分　13
啟14:14	0	4	f　大災難將結束時收割的信徒　14～16
啟14:17	0	4	g　大災難結束時收取的葡萄（作惡的人）　17～20
啟15:1	0	3	4　倒下的七碗　十五1～十六21
啟15:1	0	4	a　末了的七災　十五1
啟15:2	0	4	b　晚期得勝者的讚美　十五2～4
啟15:5	0	4	c　倒下七碗前天上的景象　十五5～8
啟16:1	0	4	d　第一碗：拜敵基督者身生毒瘡　十六1～2
啟16:3	0	4	e　第二碗：海變血　十六3
啟16:4	0	4	f　第三碗：江河與水泉變血　十六4～7
啟16:8	0	4	g　第四碗：日頭用火烤人　十六8～9
啟16:10	0	4	h　第五碗：敵基督的國變為黑暗　十六10～11
啟16:12	0	4	i　第六碗：伯拉大河乾了　十六12
啟16:13	0	4	j　插於第六碗和第七碗之間的異象：哈米吉頓的聚攏　十六13～16
啟16:17	0	4	k　第七碗：最大的地震和大雹子　十六17～21
啟17:1	0	3	5　大巴比倫及其毀滅　十七1～十九4
啟17:1	0	4	a　宗教方面　十七1～18
啟17:1	0	5	（一）　大妓女　1～6
啟17:7	0	5	（二）　女人和獸的解說　7～15，18
啟17:16	0	5	（三）　妓女為獸所毀滅　16～18
啟18:1	0	4	b　物質方面　十八1～24
啟18:1	0	5	（一）　基督的呼喊：“大巴比倫傾倒了！”　1～3
啟18:4	0	5	（二）　分別的呼召：“要從那城出來。”　4～5
啟18:6	0	5	（三）　巴比倫的傲慢與毀滅　6～8
啟18:9	0	5	（四）　哀巴比倫　9～19
啟18:20	0	5	（五）　天上的歡樂　20
啟18:21	0	5	（六）　宣告巴比倫的全然毀滅　21～24
啟19:1	0	4	c　天上的讚美　十九1～4
啟19:5	0	3	6　羔羊的婚娶　十九5～10
啟19:5	0	4	a　大批群眾的讚美　5～6
啟19:7	0	4	b　羔羊的婚娶與婚筵　7～9
啟19:10	0	4	c　豫言的靈　10
啟19:11	0	3	7　哈米吉頓的戰爭　十九11～21
啟19:11	0	4	a　基督來踹大酒醡　11～16
啟19:17	0	4	b　大筵席　17～18
啟19:19	0	4	c　敵基督和假申言者的失敗與滅亡　19～21
啟20:1	0	3	8　撒但受監禁　二十1～3
啟20:1	0	4	a　一千年　1～2
啟20:3	0	4	b　在無底坑　3
啟20:4	0	3	9　千年國　二十4～6
啟20:4	0	4	a　在上好的復活中　4～5
啟20:6	0	4	b　有千年的祭司職任與君王職分　6
啟20:7	0	3	10　末次的背叛　二十7～10
啟20:7	0	4	a　撒但得釋放　7
啟20:8	0	4	b　列國的背叛與毀滅　8～9
啟20:10	0	4	c　撒但滅亡於火湖　10
啟20:11	0	3	11　白色大寶座前的審判　二十11～15
啟20:11	0	4	a　天地逃遁　11
啟20:12	0	4	b　不信的死人受審判　12
啟20:13	0	4	c　鬼受審判　13
啟20:14	0	4	d　死亡和陰間被扔在火湖裏　14
啟20:15	0	4	e　不信的人與鬼都滅於火湖　15
啟21:1	0	3	12　新天新地　二一1～8
啟21:1	0	4	a　第一個天和第一個地已經過去，海也不再有了　1
啟21:2	0	4	b　新耶路撒冷降到新地上　2
啟21:3	0	4	c　新地上的百姓　3～4
啟21:5	0	4	d　神在永遠裏的眾子　5～7
啟21:8	0	4	e　滅亡於火湖的人　8
啟21:9	0	3	13　新耶路撒冷　二一9～27
啟21:9	0	4	a　新婦，羔羊的妻　9
啟21:10	0	4	b　聖城　10
啟21:11	0	4	c　城的榮耀與表彰　11
啟21:12	0	4	d　城的結構與量度　12～21
啟21:22	0	4	e　擴大的殿　22
啟21:23	0	4	f　城的光與燈　23
啟21:24	0	4	g　周圍的列國　24～27
啟22:1	0	3	14　生命水河與生命樹　二二1～2
啟22:1	0	4	a　生命水河　1
啟22:2	0	4	b　生命樹　2
啟22:3	0	3	15　神所救贖的人在永遠裏的福分　二二3～5
啟22:3	0	4	a　不再有咒詛
啟22:3	0	4	b　有神和羔羊的寶座
啟22:3	0	4	c　事奉神和羔羊　3
啟22:4	0	4	d　見神和羔羊的面
啟22:4	0	4	e　額上有神和羔羊的名　4
啟22:5	0	4	f　在主神的光照之下
啟22:5	0	4	g　作王直到永遠　5
啟22:6	0	1	伍　結語─主最後的警告，與使徒末了的禱告　二二6～21
